trial,stim,likert_flipped,presented_intensity,response,start_time,stop_time,duration,expected_catch_trial_response,tolerated_expected_catch_trial_response
AK_20230810_b-direction-0.results_0,catch_trial_black_2,False,0.0,-1,12:00,12:01,34,1,1
AK_20230810_b-direction-0.results_2,catch_trial_black_3,False,0.0,0,12:01,12:01,4,1,1
AK_20230810_b-direction-0.results_4,catch_trial_white_5,False,0.0,2,12:01,12:01,4,1,1
AK_20230810_b-direction-0.results_6,catch_trial_white_4,False,0.0,1,12:01,12:02,7,1,1
AK_20230810_b-direction-0.results_8,catch_trial_white_2,False,0.0,-2,12:02,12:02,4,0,1
AK_20230810_b-direction-0.results_10,catch_trial_black_1,False,0.0,-2,12:03,12:03,4,1,1
AK_20230810_b-direction-0.results_12,catch_trial_black_5,False,0.0,2,12:03,12:03,3,1,1
AK_20230810_b-direction-0.results_14,catch_trial_black_4,False,0.0,2,12:03,12:03,7,0,1
AK_20230810_b-direction-0.results_16,catch_trial_white_3,False,0.0,0,12:03,12:03,2,1,1
AK_20230810_b-direction-0.results_18,catch_trial_white_1,False,0.0,-2,12:04,12:04,3,1,1
AK_20230810_b-direction-1.results_0,catch_trial_black_5,False,0.0,2,12:06,12:06,8,1,1
AK_20230810_b-direction-1.results_2,catch_trial_white_3,False,0.0,0,12:06,12:06,4,1,1
AK_20230810_b-direction-1.results_4,catch_trial_white_1,False,0.0,-2,12:06,12:06,4,1,1
AK_20230810_b-direction-1.results_6,catch_trial_black_4,False,0.0,2,12:06,12:07,21,0,1
AK_20230810_b-direction-1.results_8,catch_trial_white_2,False,0.0,-2,12:07,12:07,4,0,1
AK_20230810_b-direction-1.results_10,catch_trial_white_5,False,0.0,2,12:07,12:07,3,1,1
AK_20230810_b-direction-1.results_12,catch_trial_black_1,False,0.0,-2,12:07,12:07,2,1,1
AK_20230810_b-direction-1.results_14,catch_trial_black_3,False,0.0,0,12:08,12:08,8,1,1
AK_20230810_b-direction-1.results_16,catch_trial_white_4,False,0.0,2,12:09,12:09,4,0,1
AK_20230810_b-direction-1.results_18,catch_trial_black_2,False,0.0,-2,12:09,12:09,6,0,1
AK_20230810_b-direction-2.results_0,catch_trial_black_5,False,0.0,2,12:11,12:12,4,1,1
AK_20230810_b-direction-2.results_2,catch_trial_white_3,False,0.0,0,12:12,12:12,5,1,1
AK_20230810_b-direction-2.results_4,catch_trial_white_5,False,0.0,2,12:12,12:12,7,1,1
AK_20230810_b-direction-2.results_6,catch_trial_black_1,False,0.0,-2,12:13,12:13,6,1,1
AK_20230810_b-direction-2.results_8,catch_trial_black_4,False,0.0,2,12:13,12:13,4,0,1
AK_20230810_b-direction-2.results_10,catch_trial_white_1,False,0.0,-2,12:13,12:14,2,1,1
AK_20230810_b-direction-2.results_12,catch_trial_white_4,False,0.0,2,12:14,12:14,7,0,1
AK_20230810_b-direction-2.results_14,catch_trial_black_3,False,0.0,0,12:15,12:15,7,1,1
AK_20230810_b-direction-2.results_16,catch_trial_white_2,False,0.0,-2,12:15,12:15,5,0,1
AK_20230810_b-direction-2.results_18,catch_trial_black_2,False,0.0,-2,12:15,12:15,4,0,1
AA_20230904_b-direction-0.results_0,catch_trial_white_4,False,0.0,2,17:58,17:58,7,0,1
AA_20230904_b-direction-0.results_2,catch_trial_black_5,False,0.0,-2,17:59,17:59,3,0,0
AA_20230904_b-direction-0.results_4,catch_trial_white_1,False,0.0,0,17:59,17:59,6,0,0
AA_20230904_b-direction-0.results_6,catch_trial_black_2,False,0.0,0,17:59,17:59,4,0,1
AA_20230904_b-direction-0.results_8,catch_trial_white_2,False,0.0,0,17:59,17:59,2,0,1
AA_20230904_b-direction-0.results_10,catch_trial_black_1,False,0.0,0,18:00,18:00,3,0,0
AA_20230904_b-direction-0.results_12,catch_trial_black_3,False,0.0,0,18:00,18:00,2,1,1
AA_20230904_b-direction-0.results_14,catch_trial_black_4,False,0.0,0,18:00,18:00,1,0,1
AA_20230904_b-direction-0.results_16,catch_trial_white_3,False,0.0,0,18:00,18:00,2,1,1
AA_20230904_b-direction-0.results_18,catch_trial_white_5,False,0.0,0,18:00,18:00,2,0,0
AA_20230904_b-direction-2.results_0,catch_trial_white_4,False,0.0,0,18:02,18:02,1,0,1
AA_20230904_b-direction-2.results_2,catch_trial_white_1,False,0.0,0,18:02,18:02,0,0,0
AA_20230904_b-direction-2.results_4,catch_trial_black_4,False,0.0,0,18:02,18:02,1,0,1
AA_20230904_b-direction-2.results_6,catch_trial_black_5,False,0.0,0,18:02,18:02,1,0,0
AA_20230904_b-direction-2.results_8,catch_trial_black_3,False,0.0,0,18:02,18:02,2,1,1
AA_20230904_b-direction-2.results_10,catch_trial_black_1,False,0.0,0,18:02,18:02,1,0,0
AA_20230904_b-direction-2.results_12,catch_trial_white_3,False,0.0,0,18:02,18:02,1,1,1
AA_20230904_b-direction-2.results_14,catch_trial_white_5,False,0.0,0,18:03,18:03,1,0,0
AA_20230904_b-direction-2.results_16,catch_trial_white_2,False,0.0,0,18:03,18:03,1,0,1
AA_20230904_b-direction-2.results_18,catch_trial_black_2,False,0.0,0,18:03,18:03,1,0,1
AA_20230904_b-direction-1.results_0,catch_trial_white_3,False,0.0,0,18:01,18:01,2,1,1
AA_20230904_b-direction-1.results_2,catch_trial_black_5,False,0.0,0,18:01,18:01,1,0,0
AA_20230904_b-direction-1.results_4,catch_trial_black_2,False,0.0,0,18:01,18:01,1,0,1
AA_20230904_b-direction-1.results_6,catch_trial_black_4,False,0.0,0,18:01,18:01,1,0,1
AA_20230904_b-direction-1.results_8,catch_trial_white_4,False,0.0,0,18:01,18:01,0,0,1
AA_20230904_b-direction-1.results_10,catch_trial_white_5,False,0.0,2,18:01,18:01,3,1,1
AA_20230904_b-direction-1.results_12,catch_trial_black_1,False,0.0,0,18:01,18:01,1,0,0
AA_20230904_b-direction-1.results_14,catch_trial_white_2,False,0.0,0,18:01,18:01,1,0,1
AA_20230904_b-direction-1.results_16,catch_trial_black_3,False,0.0,0,18:01,18:01,1,1,1
AA_20230904_b-direction-1.results_18,catch_trial_white_1,False,0.0,0,18:01,18:01,1,0,0
JL_20230810_b-direction-1.results_0,catch_trial_black_2,False,0.0,-2,12:42,12:42,3,0,1
JL_20230810_b-direction-1.results_2,catch_trial_black_4,False,0.0,1,12:42,12:42,3,1,1
JL_20230810_b-direction-1.results_4,catch_trial_white_3,False,0.0,0,12:42,12:42,2,1,1
JL_20230810_b-direction-1.results_6,catch_trial_black_3,False,0.0,0,12:42,12:42,2,1,1
JL_20230810_b-direction-1.results_8,catch_trial_black_5,False,0.0,2,12:42,12:42,3,1,1
JL_20230810_b-direction-1.results_10,catch_trial_white_4,False,0.0,1,12:43,12:43,5,1,1
JL_20230810_b-direction-1.results_12,catch_trial_white_2,False,0.0,-1,12:43,12:43,3,1,1
JL_20230810_b-direction-1.results_14,catch_trial_black_1,False,0.0,-2,12:43,12:43,2,1,1
JL_20230810_b-direction-1.results_16,catch_trial_white_5,False,0.0,2,12:43,12:43,2,1,1
JL_20230810_b-direction-1.results_18,catch_trial_white_1,False,0.0,-2,12:43,12:43,2,1,1
JL_20230810_b-direction-0.results_0,catch_trial_white_1,False,0.0,-2,12:38,12:38,7,1,1
JL_20230810_b-direction-0.results_2,catch_trial_white_5,False,0.0,2,12:38,12:38,5,1,1
JL_20230810_b-direction-0.results_4,catch_trial_black_3,False,0.0,1,12:38,12:38,8,0,1
JL_20230810_b-direction-0.results_6,catch_trial_black_4,False,0.0,1,12:38,12:39,10,1,1
JL_20230810_b-direction-0.results_8,catch_trial_black_2,False,0.0,-1,12:39,12:39,9,1,1
JL_20230810_b-direction-0.results_10,catch_trial_white_2,False,0.0,-2,12:39,12:39,4,0,1
JL_20230810_b-direction-0.results_12,catch_trial_black_1,False,0.0,-2,12:39,12:39,3,1,1
JL_20230810_b-direction-0.results_14,catch_trial_black_5,False,0.0,2,12:40,12:40,5,1,1
JL_20230810_b-direction-0.results_16,catch_trial_white_4,False,0.0,1,12:40,12:40,7,1,1
JL_20230810_b-direction-0.results_18,catch_trial_white_3,False,0.0,0,12:40,12:40,5,1,1
JL_20230810_b-direction-2.results_0,catch_trial_black_5,False,0.0,2,12:45,12:45,2,1,1
JL_20230810_b-direction-2.results_2,catch_trial_black_1,False,0.0,-2,12:45,12:45,2,1,1
JL_20230810_b-direction-2.results_4,catch_trial_white_3,False,0.0,0,12:45,12:45,2,1,1
JL_20230810_b-direction-2.results_6,catch_trial_black_3,False,0.0,0,12:46,12:46,4,1,1
JL_20230810_b-direction-2.results_8,catch_trial_white_1,False,0.0,-2,12:46,12:46,2,1,1
JL_20230810_b-direction-2.results_10,catch_trial_white_5,False,0.0,2,12:46,12:46,3,1,1
JL_20230810_b-direction-2.results_12,catch_trial_black_4,False,0.0,2,12:46,12:46,2,0,1
JL_20230810_b-direction-2.results_14,catch_trial_black_2,False,0.0,-1,12:47,12:47,3,1,1
JL_20230810_b-direction-2.results_16,catch_trial_white_4,False,0.0,1,12:47,12:47,3,1,1
JL_20230810_b-direction-2.results_18,catch_trial_white_2,False,0.0,-1,12:47,12:47,3,1,1
KN_20230904_a-direction-2.results_0,catch_trial_white_3,False,0.0,0,15:16,15:16,2,1,1
KN_20230904_a-direction-2.results_2,catch_trial_white_4,False,0.0,1,15:16,15:16,3,1,1
KN_20230904_a-direction-2.results_4,catch_trial_black_1,False,0.0,-2,15:16,15:16,2,1,1
KN_20230904_a-direction-2.results_6,catch_trial_black_4,False,0.0,1,15:16,15:16,3,1,1
KN_20230904_a-direction-2.results_8,catch_trial_black_3,False,0.0,0,15:17,15:17,3,1,1
KN_20230904_a-direction-2.results_10,catch_trial_black_5,False,0.0,2,15:17,15:17,2,1,1
KN_20230904_a-direction-2.results_12,catch_trial_white_1,False,0.0,-2,15:17,15:17,3,1,1
KN_20230904_a-direction-2.results_14,catch_trial_white_5,False,0.0,2,15:17,15:17,3,1,1
KN_20230904_a-direction-2.results_16,catch_trial_white_2,False,0.0,-1,15:17,15:17,3,1,1
KN_20230904_a-direction-2.results_18,catch_trial_black_2,False,0.0,0,15:17,15:17,2,0,1
KN_20230904_a-direction-0.results_0,catch_trial_white_1,False,0.0,-1,15:11,15:12,20,0,1
KN_20230904_a-direction-0.results_2,catch_trial_black_2,False,0.0,-1,15:12,15:12,5,1,1
KN_20230904_a-direction-0.results_4,catch_trial_black_4,False,0.0,0,15:12,15:12,2,0,1
KN_20230904_a-direction-0.results_6,catch_trial_white_2,False,0.0,2,15:12,15:12,8,0,0
KN_20230904_a-direction-0.results_8,catch_trial_black_3,False,0.0,0,15:12,15:12,3,1,1
KN_20230904_a-direction-0.results_10,catch_trial_black_1,False,0.0,-1,15:12,15:12,2,0,1
KN_20230904_a-direction-0.results_12,catch_trial_white_5,False,0.0,1,15:12,15:12,3,0,1
KN_20230904_a-direction-0.results_14,catch_trial_white_3,False,0.0,0,15:12,15:12,2,1,1
KN_20230904_a-direction-0.results_16,catch_trial_white_4,False,0.0,0,15:12,15:13,4,0,1
KN_20230904_a-direction-0.results_18,catch_trial_black_5,False,0.0,0,15:13,15:13,1,0,0
KN_20230904_a-direction-1.results_0,catch_trial_white_5,False,0.0,1,15:14,15:14,12,0,1
KN_20230904_a-direction-1.results_2,catch_trial_black_1,False,0.0,-2,15:14,15:14,2,1,1
KN_20230904_a-direction-1.results_4,catch_trial_black_5,False,0.0,2,15:14,15:14,3,1,1
KN_20230904_a-direction-1.results_6,catch_trial_white_3,False,0.0,0,15:15,15:15,2,1,1
KN_20230904_a-direction-1.results_8,catch_trial_white_1,False,0.0,-2,15:15,15:15,3,1,1
KN_20230904_a-direction-1.results_10,catch_trial_black_4,False,0.0,1,15:15,15:15,4,1,1
KN_20230904_a-direction-1.results_12,catch_trial_white_2,False,0.0,-2,15:15,15:15,7,0,1
KN_20230904_a-direction-1.results_14,catch_trial_black_3,False,0.0,1,15:15,15:15,17,0,1
KN_20230904_a-direction-1.results_16,catch_trial_white_4,False,0.0,0,15:15,15:15,3,0,1
KN_20230904_a-direction-1.results_18,catch_trial_black_2,False,0.0,-1,15:15,15:16,3,1,1
AH_20230904_b-direction-0.results_0,catch_trial_white_5,False,0.0,2,17:10,17:11,38,1,1
AH_20230904_b-direction-0.results_2,catch_trial_white_2,False,0.0,-1,17:11,17:11,3,1,1
AH_20230904_b-direction-0.results_4,catch_trial_white_4,False,0.0,1,17:11,17:11,4,1,1
AH_20230904_b-direction-0.results_6,catch_trial_black_2,False,0.0,0,17:11,17:11,2,0,1
AH_20230904_b-direction-0.results_8,catch_trial_black_1,False,0.0,0,17:11,17:11,2,0,0
AH_20230904_b-direction-0.results_10,catch_trial_black_5,False,0.0,0,17:11,17:11,3,0,0
AH_20230904_b-direction-0.results_12,catch_trial_black_4,False,0.0,0,17:11,17:12,3,0,1
AH_20230904_b-direction-0.results_14,catch_trial_white_1,False,0.0,-1,17:12,17:12,1,0,1
AH_20230904_b-direction-0.results_16,catch_trial_black_3,False,0.0,0,17:12,17:12,0,1,1
AH_20230904_b-direction-0.results_18,catch_trial_white_3,False,0.0,0,17:12,17:12,3,1,1
AH_20230904_b-direction-1.results_0,catch_trial_black_3,False,0.0,0,17:12,17:12,1,1,1
AH_20230904_b-direction-1.results_2,catch_trial_white_2,False,0.0,-1,17:12,17:12,2,1,1
AH_20230904_b-direction-1.results_4,catch_trial_black_2,False,0.0,0,17:12,17:12,1,0,1
AH_20230904_b-direction-1.results_6,catch_trial_white_3,False,0.0,-1,17:12,17:12,2,0,1
AH_20230904_b-direction-1.results_8,catch_trial_black_1,False,0.0,0,17:12,17:12,1,0,0
AH_20230904_b-direction-1.results_10,catch_trial_black_5,False,0.0,0,17:13,17:13,1,0,0
AH_20230904_b-direction-1.results_12,catch_trial_black_4,False,0.0,0,17:13,17:13,1,0,1
AH_20230904_b-direction-1.results_14,catch_trial_white_4,False,0.0,1,17:13,17:13,1,1,1
AH_20230904_b-direction-1.results_16,catch_trial_white_1,False,0.0,-1,17:13,17:13,2,0,1
AH_20230904_b-direction-1.results_18,catch_trial_white_5,False,0.0,1,17:13,17:13,2,0,1
AH_20230904_b-direction-2.results_0,catch_trial_white_3,False,0.0,0,17:13,17:13,1,1,1
AH_20230904_b-direction-2.results_2,catch_trial_black_5,False,0.0,0,17:13,17:13,1,0,0
AH_20230904_b-direction-2.results_4,catch_trial_black_4,False,0.0,0,17:13,17:13,3,0,1
AH_20230904_b-direction-2.results_6,catch_trial_white_1,False,0.0,-1,17:13,17:14,23,0,1
AH_20230904_b-direction-2.results_8,catch_trial_black_1,False,0.0,0,17:14,17:14,3,0,0
AH_20230904_b-direction-2.results_10,catch_trial_white_4,False,0.0,1,17:14,17:14,1,1,1
AH_20230904_b-direction-2.results_12,catch_trial_black_2,False,0.0,0,17:14,17:14,2,0,1
AH_20230904_b-direction-2.results_14,catch_trial_white_5,False,0.0,1,17:14,17:14,1,0,1
AH_20230904_b-direction-2.results_16,catch_trial_black_3,False,0.0,0,17:14,17:14,2,1,1
AH_20230904_b-direction-2.results_18,catch_trial_white_2,False,0.0,-1,17:14,17:14,1,1,1
MM_20230808_a-direction-1.results_0,catch_trial_black_5,False,0.0,2,15:14,15:14,2,1,1
MM_20230808_a-direction-1.results_2,catch_trial_black_1,False,0.0,-2,15:14,15:14,3,1,1
MM_20230808_a-direction-1.results_4,catch_trial_white_5,False,0.0,2,15:14,15:14,2,1,1
MM_20230808_a-direction-1.results_6,catch_trial_white_4,False,0.0,1,15:14,15:14,13,1,1
MM_20230808_a-direction-1.results_8,catch_trial_black_2,False,0.0,-1,15:14,15:14,8,1,1
MM_20230808_a-direction-1.results_10,catch_trial_white_1,False,0.0,-2,15:14,15:14,3,1,1
MM_20230808_a-direction-1.results_12,catch_trial_black_3,False,0.0,0,15:15,15:15,2,1,1
MM_20230808_a-direction-1.results_14,catch_trial_black_4,False,0.0,2,15:15,15:15,6,0,1
MM_20230808_a-direction-1.results_16,catch_trial_white_2,False,0.0,-2,15:15,15:15,6,0,1
MM_20230808_a-direction-1.results_18,catch_trial_white_3,False,0.0,0,15:15,15:15,3,1,1
MM_20230808_a-direction-0.results_0,catch_trial_white_5,False,0.0,2,15:10,15:11,90,1,1
MM_20230808_a-direction-0.results_2,catch_trial_white_4,False,0.0,2,15:11,15:11,3,0,1
MM_20230808_a-direction-0.results_4,catch_trial_white_2,False,0.0,-2,15:11,15:12,8,0,1
MM_20230808_a-direction-0.results_6,catch_trial_black_3,False,0.0,0,15:12,15:12,22,1,1
MM_20230808_a-direction-0.results_8,catch_trial_black_2,False,0.0,-2,15:12,15:12,6,0,1
MM_20230808_a-direction-0.results_10,catch_trial_white_1,False,0.0,-2,15:12,15:12,2,1,1
MM_20230808_a-direction-0.results_12,catch_trial_black_5,False,0.0,2,15:12,15:12,3,1,1
MM_20230808_a-direction-0.results_14,catch_trial_black_1,False,0.0,-2,15:12,15:12,2,1,1
MM_20230808_a-direction-0.results_16,catch_trial_white_3,False,0.0,0,15:13,15:13,7,1,1
MM_20230808_a-direction-0.results_18,catch_trial_black_4,False,0.0,1,15:13,15:13,8,1,1
MM_20230808_a-direction-2.results_0,catch_trial_white_3,False,0.0,0,15:16,15:16,2,1,1
MM_20230808_a-direction-2.results_2,catch_trial_black_1,False,0.0,-2,15:16,15:16,2,1,1
MM_20230808_a-direction-2.results_4,catch_trial_white_2,False,0.0,-2,15:16,15:16,4,0,1
MM_20230808_a-direction-2.results_6,catch_trial_white_5,False,0.0,2,15:16,15:16,2,1,1
MM_20230808_a-direction-2.results_8,catch_trial_black_4,False,0.0,1,15:16,15:16,5,1,1
MM_20230808_a-direction-2.results_10,catch_trial_white_4,False,0.0,1,15:16,15:16,6,1,1
MM_20230808_a-direction-2.results_12,catch_trial_black_2,False,0.0,-1,15:16,15:17,5,1,1
MM_20230808_a-direction-2.results_14,catch_trial_black_3,False,0.0,0,15:17,15:17,2,1,1
MM_20230808_a-direction-2.results_16,catch_trial_black_5,False,0.0,2,15:17,15:17,3,1,1
MM_20230808_a-direction-2.results_18,catch_trial_white_1,False,0.0,-2,15:17,15:17,4,1,1
DC_20230811_a-direction-0.results_0,catch_trial_white_3,False,0.0,-2,16:43,16:43,6,0,0
DC_20230811_a-direction-0.results_2,catch_trial_black_2,False,0.0,-2,16:43,16:44,13,0,1
DC_20230811_a-direction-0.results_4,catch_trial_black_1,False,0.0,-2,16:44,16:44,5,1,1
DC_20230811_a-direction-0.results_6,catch_trial_black_5,False,0.0,2,16:44,16:44,3,1,1
DC_20230811_a-direction-0.results_8,catch_trial_white_4,False,0.0,0,16:44,16:44,2,0,1
DC_20230811_a-direction-0.results_10,catch_trial_white_2,False,0.0,-1,16:45,16:45,6,1,1
DC_20230811_a-direction-0.results_12,catch_trial_black_3,False,0.0,0,16:45,16:45,3,1,1
DC_20230811_a-direction-0.results_14,catch_trial_white_1,False,0.0,2,16:45,16:45,2,0,0
DC_20230811_a-direction-0.results_16,catch_trial_white_5,False,0.0,2,16:45,16:45,17,1,1
DC_20230811_a-direction-0.results_18,catch_trial_black_4,False,0.0,1,16:45,16:45,6,1,1
DC_20230811_a-direction-2.results_0,catch_trial_white_5,False,0.0,2,16:49,16:49,2,1,1
DC_20230811_a-direction-2.results_2,catch_trial_black_5,False,0.0,2,16:49,16:49,2,1,1
DC_20230811_a-direction-2.results_4,catch_trial_black_2,False,0.0,-1,16:49,16:49,4,1,1
DC_20230811_a-direction-2.results_6,catch_trial_black_3,False,0.0,0,16:49,16:49,3,1,1
DC_20230811_a-direction-2.results_8,catch_trial_black_4,False,0.0,1,16:49,16:49,4,1,1
DC_20230811_a-direction-2.results_10,catch_trial_white_4,False,0.0,1,16:49,16:50,17,1,1
DC_20230811_a-direction-2.results_12,catch_trial_white_2,False,0.0,-2,16:50,16:50,2,0,1
DC_20230811_a-direction-2.results_14,catch_trial_black_1,False,0.0,-1,16:50,16:50,6,0,1
DC_20230811_a-direction-2.results_16,catch_trial_white_1,False,0.0,-1,16:50,16:50,5,0,1
DC_20230811_a-direction-2.results_18,catch_trial_white_3,False,0.0,0,16:50,16:50,3,1,1
DC_20230811_a-direction-1.results_0,catch_trial_black_3,False,0.0,0,16:47,16:47,7,1,1
DC_20230811_a-direction-1.results_2,catch_trial_white_3,False,0.0,-1,16:47,16:47,4,0,1
DC_20230811_a-direction-1.results_4,catch_trial_white_5,False,0.0,1,16:47,16:47,3,0,1
DC_20230811_a-direction-1.results_6,catch_trial_black_4,False,0.0,2,16:47,16:47,2,0,1
DC_20230811_a-direction-1.results_8,catch_trial_black_1,False,0.0,-2,16:47,16:47,2,1,1
DC_20230811_a-direction-1.results_10,catch_trial_black_2,False,0.0,-1,16:47,16:47,14,1,1
DC_20230811_a-direction-1.results_12,catch_trial_black_5,False,0.0,2,16:48,16:48,2,1,1
DC_20230811_a-direction-1.results_14,catch_trial_white_1,False,0.0,-2,16:48,16:48,4,1,1
DC_20230811_a-direction-1.results_16,catch_trial_white_4,False,0.0,2,16:48,16:48,4,0,1
DC_20230811_a-direction-1.results_18,catch_trial_white_2,False,0.0,-2,16:48,16:48,2,0,1
GE_20230904_a-direction-2.results_0,catch_trial_black_2,False,0.0,0,19:41,19:41,5,0,1
GE_20230904_a-direction-2.results_2,catch_trial_white_3,False,0.0,0,19:41,19:41,1,1,1
GE_20230904_a-direction-2.results_4,catch_trial_white_2,False,0.0,-2,19:41,19:41,5,0,1
GE_20230904_a-direction-2.results_6,catch_trial_black_3,False,0.0,0,19:41,19:41,0,1,1
GE_20230904_a-direction-2.results_8,catch_trial_black_4,False,0.0,0,19:41,19:41,4,0,1
GE_20230904_a-direction-2.results_10,catch_trial_white_1,False,0.0,-2,19:41,19:41,5,1,1
GE_20230904_a-direction-2.results_12,catch_trial_black_5,False,0.0,2,19:41,19:42,8,1,1
GE_20230904_a-direction-2.results_14,catch_trial_white_5,False,0.0,1,19:42,19:42,3,0,1
GE_20230904_a-direction-2.results_16,catch_trial_white_4,False,0.0,2,19:42,19:42,27,0,1
GE_20230904_a-direction-2.results_18,catch_trial_black_1,False,0.0,-1,19:42,19:43,7,0,1
GE_20230904_a-direction-0.results_0,catch_trial_white_2,False,0.0,-2,19:36,19:36,10,0,1
GE_20230904_a-direction-0.results_2,catch_trial_white_5,False,0.0,2,19:37,19:37,4,1,1
GE_20230904_a-direction-0.results_4,catch_trial_black_2,False,0.0,0,19:37,19:37,17,0,1
GE_20230904_a-direction-0.results_6,catch_trial_white_3,False,0.0,0,19:37,19:37,3,1,1
GE_20230904_a-direction-0.results_8,catch_trial_black_4,False,0.0,0,19:37,19:37,2,0,1
GE_20230904_a-direction-0.results_10,catch_trial_black_3,False,0.0,0,19:38,19:38,3,1,1
GE_20230904_a-direction-0.results_12,catch_trial_black_5,False,0.0,0,19:38,19:38,2,0,0
GE_20230904_a-direction-0.results_14,catch_trial_white_4,False,0.0,0,19:38,19:38,4,0,1
GE_20230904_a-direction-0.results_16,catch_trial_black_1,False,0.0,0,19:38,19:38,3,0,0
GE_20230904_a-direction-0.results_18,catch_trial_white_1,False,0.0,-2,19:38,19:38,3,1,1
GE_20230904_a-direction-1.results_0,catch_trial_white_1,False,0.0,-2,19:39,19:39,5,1,1
GE_20230904_a-direction-1.results_2,catch_trial_black_1,False,0.0,0,19:39,19:39,4,0,0
GE_20230904_a-direction-1.results_4,catch_trial_black_5,False,0.0,0,19:39,19:39,3,0,0
GE_20230904_a-direction-1.results_6,catch_trial_white_5,False,0.0,2,19:39,19:39,4,1,1
GE_20230904_a-direction-1.results_8,catch_trial_black_3,False,0.0,2,19:39,19:39,6,0,0
GE_20230904_a-direction-1.results_10,catch_trial_white_4,False,0.0,2,19:39,19:40,4,0,1
GE_20230904_a-direction-1.results_12,catch_trial_black_2,False,0.0,0,19:40,19:40,3,0,1
GE_20230904_a-direction-1.results_14,catch_trial_white_3,False,0.0,-1,19:40,19:40,8,0,1
GE_20230904_a-direction-1.results_16,catch_trial_black_4,False,0.0,0,19:40,19:40,1,0,1
GE_20230904_a-direction-1.results_18,catch_trial_white_2,False,0.0,0,19:40,19:40,6,0,1
SP_20230817_b-direction-1.results_0,catch_trial_white_1,False,0.0,2,19:24,19:24,2,0,0
SP_20230817_b-direction-1.results_2,catch_trial_black_2,False,0.0,1,19:24,19:24,1,0,0
SP_20230817_b-direction-1.results_4,catch_trial_white_2,False,0.0,1,19:24,19:24,2,0,0
SP_20230817_b-direction-1.results_6,catch_trial_white_3,False,0.0,-1,19:24,19:24,1,0,1
SP_20230817_b-direction-1.results_8,catch_trial_black_5,False,0.0,-1,19:24,19:24,1,0,0
SP_20230817_b-direction-1.results_10,catch_trial_black_3,False,0.0,0,19:24,19:24,2,1,1
SP_20230817_b-direction-1.results_12,catch_trial_white_4,False,0.0,-1,19:24,19:24,2,0,0
SP_20230817_b-direction-1.results_14,catch_trial_white_5,False,0.0,-1,19:24,19:24,2,0,0
SP_20230817_b-direction-1.results_16,catch_trial_black_1,False,0.0,1,19:24,19:24,1,0,0
SP_20230817_b-direction-1.results_18,catch_trial_black_4,False,0.0,-1,19:24,19:24,3,0,0
SP_20230817_b-direction-0.results_0,catch_trial_white_1,False,0.0,2,19:23,19:23,7,0,0
SP_20230817_b-direction-0.results_2,catch_trial_black_2,False,0.0,1,19:23,19:23,3,0,0
SP_20230817_b-direction-0.results_4,catch_trial_white_2,False,0.0,1,19:23,19:23,2,0,0
SP_20230817_b-direction-0.results_6,catch_trial_black_4,False,0.0,0,19:23,19:23,2,0,1
SP_20230817_b-direction-0.results_8,catch_trial_white_4,False,0.0,-1,19:23,19:23,1,0,0
SP_20230817_b-direction-0.results_10,catch_trial_black_5,False,0.0,-1,19:23,19:23,2,0,0
SP_20230817_b-direction-0.results_12,catch_trial_black_3,False,0.0,0,19:23,19:23,1,1,1
SP_20230817_b-direction-0.results_14,catch_trial_white_5,False,0.0,-2,19:23,19:23,2,0,0
SP_20230817_b-direction-0.results_16,catch_trial_black_1,False,0.0,1,19:23,19:23,2,0,0
SP_20230817_b-direction-0.results_18,catch_trial_white_3,False,0.0,-1,19:23,19:23,1,0,1
SP_20230817_b-direction-2.results_0,catch_trial_white_5,False,0.0,-1,19:25,19:25,1,0,0
SP_20230817_b-direction-2.results_2,catch_trial_black_3,False,0.0,0,19:25,19:25,1,1,1
SP_20230817_b-direction-2.results_4,catch_trial_white_2,False,0.0,1,19:25,19:25,1,0,0
SP_20230817_b-direction-2.results_6,catch_trial_white_4,False,0.0,-1,19:25,19:25,1,0,0
SP_20230817_b-direction-2.results_8,catch_trial_white_1,False,0.0,2,19:25,19:25,2,0,0
SP_20230817_b-direction-2.results_10,catch_trial_black_5,False,0.0,-1,19:25,19:25,2,0,0
SP_20230817_b-direction-2.results_12,catch_trial_black_1,False,0.0,2,19:25,19:25,2,0,0
SP_20230817_b-direction-2.results_14,catch_trial_black_4,False,0.0,-1,19:25,19:25,2,0,0
SP_20230817_b-direction-2.results_16,catch_trial_white_3,False,0.0,0,19:25,19:25,2,1,1
SP_20230817_b-direction-2.results_18,catch_trial_black_2,False,0.0,1,19:25,19:25,2,0,0
MO_20230817_b-direction-2.results_0,catch_trial_white_1,False,0.0,-2,20:03,20:03,6,1,1
MO_20230817_b-direction-2.results_2,catch_trial_white_3,False,0.0,-2,20:03,20:03,10,0,0
MO_20230817_b-direction-2.results_4,catch_trial_black_1,False,0.0,-2,20:03,20:03,2,1,1
MO_20230817_b-direction-2.results_6,catch_trial_black_5,False,0.0,2,20:03,20:03,1,1,1
MO_20230817_b-direction-2.results_8,catch_trial_white_2,False,0.0,-2,20:03,20:03,3,0,1
MO_20230817_b-direction-2.results_10,catch_trial_white_5,False,0.0,2,20:03,20:03,1,1,1
MO_20230817_b-direction-2.results_12,catch_trial_black_3,False,0.0,2,20:03,20:03,1,0,0
MO_20230817_b-direction-2.results_14,catch_trial_white_4,False,0.0,2,20:03,20:03,3,0,1
MO_20230817_b-direction-2.results_16,catch_trial_black_2,False,0.0,-2,20:03,20:03,1,0,1
MO_20230817_b-direction-2.results_18,catch_trial_black_4,False,0.0,2,20:03,20:04,2,0,1
MO_20230817_b-direction-0.results_0,catch_trial_white_3,False,0.0,-2,19:55,19:55,22,0,0
MO_20230817_b-direction-0.results_2,catch_trial_white_2,False,0.0,-2,19:56,19:56,4,0,1
MO_20230817_b-direction-0.results_4,catch_trial_white_5,False,0.0,2,19:56,19:56,3,1,1
MO_20230817_b-direction-0.results_6,catch_trial_black_2,False,0.0,-2,19:56,19:57,5,0,1
MO_20230817_b-direction-0.results_8,catch_trial_white_1,False,0.0,-2,19:57,19:57,2,1,1
MO_20230817_b-direction-0.results_10,catch_trial_black_1,False,0.0,-2,19:58,19:58,3,1,1
MO_20230817_b-direction-0.results_12,catch_trial_white_4,False,0.0,2,19:58,19:58,6,0,1
MO_20230817_b-direction-0.results_14,catch_trial_black_4,False,0.0,2,19:58,19:58,2,0,1
MO_20230817_b-direction-0.results_16,catch_trial_black_3,False,0.0,2,19:58,19:58,3,0,0
MO_20230817_b-direction-0.results_18,catch_trial_black_5,False,0.0,2,19:58,19:58,3,1,1
MO_20230817_b-direction-1.results_0,catch_trial_white_1,False,0.0,-2,19:59,19:59,2,1,1
MO_20230817_b-direction-1.results_2,catch_trial_white_2,False,0.0,-2,19:59,19:59,3,0,1
MO_20230817_b-direction-1.results_4,catch_trial_black_5,False,0.0,2,20:00,20:00,1,1,1
MO_20230817_b-direction-1.results_6,catch_trial_black_2,False,0.0,-2,20:00,20:00,1,0,1
MO_20230817_b-direction-1.results_8,catch_trial_black_4,False,0.0,2,20:00,20:00,1,0,1
MO_20230817_b-direction-1.results_10,catch_trial_white_4,False,0.0,2,20:00,20:01,4,0,1
MO_20230817_b-direction-1.results_12,catch_trial_black_3,False,0.0,-2,20:01,20:01,2,0,0
MO_20230817_b-direction-1.results_14,catch_trial_black_1,False,0.0,-2,20:01,20:01,1,1,1
MO_20230817_b-direction-1.results_16,catch_trial_white_3,False,0.0,2,20:01,20:01,7,0,0
MO_20230817_b-direction-1.results_18,catch_trial_white_5,False,0.0,2,20:01,20:01,5,1,1
AR_20230904_a-direction-2.results_0,catch_trial_white_5,False,0.0,1,18:27,18:27,2,0,1
AR_20230904_a-direction-2.results_2,catch_trial_black_2,False,0.0,-1,18:27,18:27,2,1,1
AR_20230904_a-direction-2.results_4,catch_trial_black_4,False,0.0,1,18:27,18:27,1,1,1
AR_20230904_a-direction-2.results_6,catch_trial_black_3,False,0.0,1,18:27,18:27,1,0,1
AR_20230904_a-direction-2.results_8,catch_trial_white_3,False,0.0,1,18:27,18:27,2,0,1
AR_20230904_a-direction-2.results_10,catch_trial_black_1,False,0.0,-1,18:27,18:27,1,0,1
AR_20230904_a-direction-2.results_12,catch_trial_black_5,False,0.0,1,18:28,18:28,2,0,1
AR_20230904_a-direction-2.results_14,catch_trial_white_2,False,0.0,-1,18:28,18:28,2,1,1
AR_20230904_a-direction-2.results_16,catch_trial_white_4,False,0.0,1,18:28,18:28,4,1,1
AR_20230904_a-direction-2.results_18,catch_trial_white_1,False,0.0,-1,18:28,18:28,1,0,1
AR_20230904_a-direction-1.results_0,catch_trial_white_3,False,0.0,0,18:25,18:25,3,1,1
AR_20230904_a-direction-1.results_2,catch_trial_black_3,False,0.0,1,18:25,18:25,3,0,1
AR_20230904_a-direction-1.results_4,catch_trial_white_2,False,0.0,0,18:25,18:25,3,0,1
AR_20230904_a-direction-1.results_6,catch_trial_black_1,False,0.0,-1,18:25,18:26,2,0,1
AR_20230904_a-direction-1.results_8,catch_trial_black_4,False,0.0,1,18:26,18:26,2,1,1
AR_20230904_a-direction-1.results_10,catch_trial_white_4,False,0.0,1,18:26,18:26,2,1,1
AR_20230904_a-direction-1.results_12,catch_trial_white_1,False,0.0,-1,18:26,18:26,2,0,1
AR_20230904_a-direction-1.results_14,catch_trial_black_2,False,0.0,-1,18:26,18:26,2,1,1
AR_20230904_a-direction-1.results_16,catch_trial_black_5,False,0.0,1,18:26,18:26,1,0,1
AR_20230904_a-direction-1.results_18,catch_trial_white_5,False,0.0,1,18:26,18:26,2,0,1
AR_20230904_a-direction-0.results_0,catch_trial_black_1,False,0.0,-1,18:22,18:22,7,0,1
AR_20230904_a-direction-0.results_2,catch_trial_white_5,False,0.0,1,18:22,18:22,2,0,1
AR_20230904_a-direction-0.results_4,catch_trial_white_2,False,0.0,-1,18:22,18:22,6,1,1
AR_20230904_a-direction-0.results_6,catch_trial_black_5,False,0.0,1,18:22,18:22,3,0,1
AR_20230904_a-direction-0.results_8,catch_trial_white_4,False,0.0,1,18:23,18:23,4,1,1
AR_20230904_a-direction-0.results_10,catch_trial_black_2,False,0.0,-1,18:23,18:23,7,1,1
AR_20230904_a-direction-0.results_12,catch_trial_black_3,False,0.0,0,18:23,18:23,4,1,1
AR_20230904_a-direction-0.results_14,catch_trial_white_1,False,0.0,-1,18:23,18:23,4,0,1
AR_20230904_a-direction-0.results_16,catch_trial_black_4,False,0.0,1,18:24,18:24,2,1,1
AR_20230904_a-direction-0.results_18,catch_trial_white_3,False,0.0,0,18:24,18:24,6,1,1
KP_20230904_a-direction-2.results_0,catch_trial_white_2,False,0.0,1,15:34,15:34,6,0,0
KP_20230904_a-direction-2.results_2,catch_trial_white_3,False,0.0,-2,15:35,15:35,2,0,0
KP_20230904_a-direction-2.results_4,catch_trial_black_5,False,0.0,-2,15:35,15:35,2,0,0
KP_20230904_a-direction-2.results_6,catch_trial_black_4,False,0.0,-2,15:35,15:35,3,0,0
KP_20230904_a-direction-2.results_8,catch_trial_black_3,False,0.0,-1,15:35,15:35,4,0,1
KP_20230904_a-direction-2.results_10,catch_trial_black_1,False,0.0,2,15:35,15:35,2,0,0
KP_20230904_a-direction-2.results_12,catch_trial_white_5,False,0.0,-2,15:35,15:35,2,0,0
KP_20230904_a-direction-2.results_14,catch_trial_black_2,False,0.0,2,15:35,15:35,4,0,0
KP_20230904_a-direction-2.results_16,catch_trial_white_1,False,0.0,2,15:35,15:35,2,0,0
KP_20230904_a-direction-2.results_18,catch_trial_white_4,False,0.0,-2,15:35,15:35,1,0,0
KP_20230904_a-direction-1.results_0,catch_trial_black_4,False,0.0,-2,15:32,15:32,5,0,0
KP_20230904_a-direction-1.results_2,catch_trial_black_3,False,0.0,0,15:33,15:33,3,1,1
KP_20230904_a-direction-1.results_4,catch_trial_white_1,False,0.0,2,15:33,15:33,2,0,0
KP_20230904_a-direction-1.results_6,catch_trial_white_3,False,0.0,0,15:33,15:33,3,1,1
KP_20230904_a-direction-1.results_8,catch_trial_white_4,False,0.0,2,15:33,15:33,2,0,1
KP_20230904_a-direction-1.results_10,catch_trial_black_2,False,0.0,0,15:33,15:33,4,0,1
KP_20230904_a-direction-1.results_12,catch_trial_black_5,False,0.0,-2,15:33,15:33,3,0,0
KP_20230904_a-direction-1.results_14,catch_trial_black_1,False,0.0,-2,15:33,15:34,5,1,1
KP_20230904_a-direction-1.results_16,catch_trial_white_5,False,0.0,2,15:34,15:34,3,1,1
KP_20230904_a-direction-1.results_18,catch_trial_white_2,False,0.0,1,15:34,15:34,2,0,0
KP_20230904_a-direction-0.results_0,catch_trial_black_3,False,0.0,1,15:29,15:30,12,0,1
KP_20230904_a-direction-0.results_2,catch_trial_white_5,False,0.0,-2,15:30,15:30,5,0,0
KP_20230904_a-direction-0.results_4,catch_trial_black_4,False,0.0,2,15:30,15:30,6,0,1
KP_20230904_a-direction-0.results_6,catch_trial_black_1,False,0.0,-2,15:30,15:30,6,1,1
KP_20230904_a-direction-0.results_8,catch_trial_white_4,False,0.0,-2,15:30,15:31,9,0,0
KP_20230904_a-direction-0.results_10,catch_trial_black_2,False,0.0,0,15:31,15:31,2,0,1
KP_20230904_a-direction-0.results_12,catch_trial_white_3,False,0.0,-2,15:31,15:31,16,0,0
KP_20230904_a-direction-0.results_14,catch_trial_white_2,False,0.0,2,15:31,15:31,6,0,0
KP_20230904_a-direction-0.results_16,catch_trial_white_1,False,0.0,2,15:31,15:31,2,0,0
KP_20230904_a-direction-0.results_18,catch_trial_black_5,False,0.0,-2,15:31,15:32,4,0,0
YY_20230904_b-direction-0.results_0,catch_trial_white_1,False,0.0,-2,19:04,19:04,14,1,1
YY_20230904_b-direction-0.results_2,catch_trial_white_5,False,0.0,2,19:04,19:04,11,1,1
YY_20230904_b-direction-0.results_4,catch_trial_white_3,False,0.0,0,19:04,19:04,6,1,1
YY_20230904_b-direction-0.results_6,catch_trial_white_4,False,0.0,2,19:04,19:05,3,0,1
YY_20230904_b-direction-0.results_8,catch_trial_black_2,False,0.0,0,19:05,19:05,10,0,1
YY_20230904_b-direction-0.results_10,catch_trial_black_5,False,0.0,2,19:05,19:05,3,1,1
YY_20230904_b-direction-0.results_12,catch_trial_black_3,False,0.0,1,19:05,19:05,8,0,1
YY_20230904_b-direction-0.results_14,catch_trial_white_2,False,0.0,-2,19:05,19:05,3,0,1
YY_20230904_b-direction-0.results_16,catch_trial_black_1,False,0.0,-2,19:05,19:05,6,1,1
YY_20230904_b-direction-0.results_18,catch_trial_black_4,False,0.0,1,19:06,19:06,3,1,1
YY_20230904_b-direction-1.results_0,catch_trial_white_4,False,0.0,2,19:07,19:07,3,0,1
YY_20230904_b-direction-1.results_2,catch_trial_black_5,False,0.0,2,19:07,19:07,2,1,1
YY_20230904_b-direction-1.results_4,catch_trial_black_4,False,0.0,1,19:07,19:07,3,1,1
YY_20230904_b-direction-1.results_6,catch_trial_black_1,False,0.0,-1,19:07,19:08,2,0,1
YY_20230904_b-direction-1.results_8,catch_trial_black_2,False,0.0,0,19:08,19:08,3,0,1
YY_20230904_b-direction-1.results_10,catch_trial_black_3,False,0.0,1,19:08,19:08,2,0,1
YY_20230904_b-direction-1.results_12,catch_trial_white_1,False,0.0,-2,19:08,19:08,2,1,1
YY_20230904_b-direction-1.results_14,catch_trial_white_2,False,0.0,-2,19:08,19:08,1,0,1
YY_20230904_b-direction-1.results_16,catch_trial_white_3,False,0.0,-1,19:08,19:08,3,0,1
YY_20230904_b-direction-1.results_18,catch_trial_white_5,False,0.0,2,19:08,19:08,2,1,1
YY_20230904_b-direction-2.results_0,catch_trial_black_4,False,0.0,2,19:09,19:09,2,0,1
YY_20230904_b-direction-2.results_2,catch_trial_black_3,False,0.0,1,19:09,19:09,2,0,1
YY_20230904_b-direction-2.results_4,catch_trial_white_3,False,0.0,-1,19:09,19:09,2,0,1
YY_20230904_b-direction-2.results_6,catch_trial_black_1,False,0.0,-2,19:09,19:09,2,1,1
YY_20230904_b-direction-2.results_8,catch_trial_black_2,False,0.0,-1,19:09,19:09,4,1,1
YY_20230904_b-direction-2.results_10,catch_trial_white_5,False,0.0,2,19:10,19:10,3,1,1
YY_20230904_b-direction-2.results_12,catch_trial_black_5,False,0.0,2,19:10,19:10,1,1,1
YY_20230904_b-direction-2.results_14,catch_trial_white_1,False,0.0,-2,19:10,19:10,2,1,1
YY_20230904_b-direction-2.results_16,catch_trial_white_4,False,0.0,1,19:10,19:10,1,1,1
YY_20230904_b-direction-2.results_18,catch_trial_white_2,False,0.0,-2,19:10,19:10,2,0,1
EW_20230817_b-direction-2.results_0,catch_trial_black_3,False,0.0,0,19:14,19:14,1,1,1
EW_20230817_b-direction-2.results_2,catch_trial_white_5,False,0.0,1,19:14,19:14,3,0,1
EW_20230817_b-direction-2.results_4,catch_trial_black_4,False,0.0,0,19:14,19:14,1,0,1
EW_20230817_b-direction-2.results_6,catch_trial_white_1,False,0.0,-1,19:14,19:14,2,0,1
EW_20230817_b-direction-2.results_8,catch_trial_black_5,False,0.0,1,19:14,19:14,2,0,1
EW_20230817_b-direction-2.results_10,catch_trial_white_4,False,0.0,0,19:14,19:14,2,0,1
EW_20230817_b-direction-2.results_12,catch_trial_black_1,False,0.0,-1,19:14,19:14,3,0,1
EW_20230817_b-direction-2.results_14,catch_trial_white_2,False,0.0,-1,19:14,19:14,4,1,1
EW_20230817_b-direction-2.results_16,catch_trial_black_2,False,0.0,0,19:14,19:14,1,0,1
EW_20230817_b-direction-2.results_18,catch_trial_white_3,False,0.0,0,19:14,19:14,1,1,1
EW_20230817_b-direction-1.results_0,catch_trial_black_4,False,0.0,1,19:12,19:12,5,1,1
EW_20230817_b-direction-1.results_2,catch_trial_black_3,False,0.0,0,19:12,19:12,3,1,1
EW_20230817_b-direction-1.results_4,catch_trial_white_5,False,0.0,1,19:12,19:12,2,0,1
EW_20230817_b-direction-1.results_6,catch_trial_white_3,False,0.0,0,19:12,19:12,2,1,1
EW_20230817_b-direction-1.results_8,catch_trial_white_2,False,0.0,-1,19:12,19:12,2,1,1
EW_20230817_b-direction-1.results_10,catch_trial_white_4,False,0.0,1,19:13,19:13,2,1,1
EW_20230817_b-direction-1.results_12,catch_trial_black_2,False,0.0,0,19:13,19:13,2,0,1
EW_20230817_b-direction-1.results_14,catch_trial_black_1,False,0.0,0,19:13,19:13,3,0,0
EW_20230817_b-direction-1.results_16,catch_trial_white_1,False,0.0,-1,19:13,19:13,3,0,1
EW_20230817_b-direction-1.results_18,catch_trial_black_5,False,0.0,1,19:13,19:13,6,0,1
EW_20230817_b-direction-0.results_0,catch_trial_white_5,False,0.0,1,19:09,19:09,8,0,1
EW_20230817_b-direction-0.results_2,catch_trial_white_4,False,0.0,1,19:09,19:09,5,1,1
EW_20230817_b-direction-0.results_4,catch_trial_white_3,False,0.0,-1,19:09,19:09,7,0,1
EW_20230817_b-direction-0.results_6,catch_trial_black_4,False,0.0,1,19:10,19:10,3,1,1
EW_20230817_b-direction-0.results_8,catch_trial_white_2,False,0.0,-1,19:10,19:10,5,1,1
EW_20230817_b-direction-0.results_10,catch_trial_black_3,False,0.0,0,19:10,19:10,5,1,1
EW_20230817_b-direction-0.results_12,catch_trial_black_5,False,0.0,1,19:10,19:10,2,0,1
EW_20230817_b-direction-0.results_14,catch_trial_black_2,False,0.0,-1,19:10,19:10,4,1,1
EW_20230817_b-direction-0.results_16,catch_trial_white_1,False,0.0,-2,19:11,19:11,3,1,1
EW_20230817_b-direction-0.results_18,catch_trial_black_1,False,0.0,-1,19:11,19:11,3,0,1
AP_20230811_b-direction-0.results_0,catch_trial_black_1,False,0.0,-2,16:29,16:29,7,1,1
AP_20230811_b-direction-0.results_2,catch_trial_black_2,False,0.0,-1,16:29,16:29,4,1,1
AP_20230811_b-direction-0.results_4,catch_trial_black_4,False,0.0,1,16:29,16:29,7,1,1
AP_20230811_b-direction-0.results_6,catch_trial_black_3,False,0.0,0,16:29,16:29,2,1,1
AP_20230811_b-direction-0.results_8,catch_trial_white_5,False,0.0,2,16:30,16:30,11,1,1
AP_20230811_b-direction-0.results_10,catch_trial_white_3,False,0.0,0,16:30,16:30,8,1,1
AP_20230811_b-direction-0.results_12,catch_trial_white_4,False,0.0,1,16:30,16:30,7,1,1
AP_20230811_b-direction-0.results_14,catch_trial_black_5,False,0.0,-1,16:30,16:30,3,0,0
AP_20230811_b-direction-0.results_16,catch_trial_white_1,False,0.0,-1,16:30,16:30,3,0,1
AP_20230811_b-direction-0.results_18,catch_trial_white_2,False,0.0,-1,16:30,16:30,3,1,1
AP_20230811_b-direction-1.results_0,catch_trial_black_5,False,0.0,2,16:31,16:31,5,1,1
AP_20230811_b-direction-1.results_2,catch_trial_white_1,False,0.0,-2,16:32,16:32,5,1,1
AP_20230811_b-direction-1.results_4,catch_trial_black_2,False,0.0,-1,16:32,16:33,8,1,1
AP_20230811_b-direction-1.results_6,catch_trial_white_4,False,0.0,2,16:33,16:33,5,0,1
AP_20230811_b-direction-1.results_8,catch_trial_white_3,False,0.0,0,16:33,16:33,4,1,1
AP_20230811_b-direction-1.results_10,catch_trial_black_4,False,0.0,1,16:33,16:33,8,1,1
AP_20230811_b-direction-1.results_12,catch_trial_black_3,False,0.0,0,16:33,16:33,4,1,1
AP_20230811_b-direction-1.results_14,catch_trial_white_2,False,0.0,-2,16:33,16:33,4,0,1
AP_20230811_b-direction-1.results_16,catch_trial_white_5,False,0.0,2,16:33,16:34,3,1,1
AP_20230811_b-direction-1.results_18,catch_trial_black_1,False,0.0,-2,16:34,16:34,4,1,1
AP_20230811_b-direction-2.results_0,catch_trial_black_1,False,0.0,-2,16:36,16:36,3,1,1
AP_20230811_b-direction-2.results_2,catch_trial_black_5,False,0.0,2,16:36,16:36,2,1,1
AP_20230811_b-direction-2.results_4,catch_trial_white_4,False,0.0,2,16:36,16:36,3,0,1
AP_20230811_b-direction-2.results_6,catch_trial_black_3,False,0.0,0,16:36,16:36,5,1,1
AP_20230811_b-direction-2.results_8,catch_trial_white_1,False,0.0,2,16:36,16:36,3,0,0
AP_20230811_b-direction-2.results_10,catch_trial_white_5,False,0.0,2,16:36,16:36,2,1,1
AP_20230811_b-direction-2.results_12,catch_trial_white_2,False,0.0,-2,16:37,16:37,8,0,1
AP_20230811_b-direction-2.results_14,catch_trial_black_4,False,0.0,1,16:37,16:37,6,1,1
AP_20230811_b-direction-2.results_16,catch_trial_white_3,False,0.0,0,16:37,16:37,4,1,1
AP_20230811_b-direction-2.results_18,catch_trial_black_2,False,0.0,-1,16:37,16:37,4,1,1
HA_20230808_b-direction-1.results_0,catch_trial_white_5,False,0.0,2,14:59,14:59,1,1,1
HA_20230808_b-direction-1.results_2,catch_trial_black_3,False,0.0,0,14:59,14:59,2,1,1
HA_20230808_b-direction-1.results_4,catch_trial_white_4,False,0.0,1,14:59,14:59,2,1,1
HA_20230808_b-direction-1.results_6,catch_trial_black_1,False,0.0,-1,14:59,14:59,2,0,1
HA_20230808_b-direction-1.results_8,catch_trial_white_3,False,0.0,0,14:59,14:59,4,1,1
HA_20230808_b-direction-1.results_10,catch_trial_white_2,False,0.0,-2,14:59,15:00,2,0,1
HA_20230808_b-direction-1.results_12,catch_trial_black_2,False,0.0,-1,15:00,15:00,2,1,1
HA_20230808_b-direction-1.results_14,catch_trial_black_4,False,0.0,2,15:00,15:00,3,0,1
HA_20230808_b-direction-1.results_16,catch_trial_black_5,False,0.0,2,15:00,15:00,4,1,1
HA_20230808_b-direction-1.results_18,catch_trial_white_1,False,0.0,-1,15:00,15:00,2,0,1
HA_20230808_b-direction-2.results_0,catch_trial_black_3,False,0.0,1,15:00,15:00,3,0,1
HA_20230808_b-direction-2.results_2,catch_trial_white_5,False,0.0,2,15:00,15:00,2,1,1
HA_20230808_b-direction-2.results_4,catch_trial_white_1,False,0.0,-2,15:00,15:00,1,1,1
HA_20230808_b-direction-2.results_6,catch_trial_black_4,False,0.0,1,15:00,15:00,3,1,1
HA_20230808_b-direction-2.results_8,catch_trial_white_3,False,0.0,0,15:00,15:01,4,1,1
HA_20230808_b-direction-2.results_10,catch_trial_black_1,False,0.0,-2,15:01,15:01,1,1,1
HA_20230808_b-direction-2.results_12,catch_trial_white_4,False,0.0,1,15:01,15:01,2,1,1
HA_20230808_b-direction-2.results_14,catch_trial_black_5,False,0.0,2,15:01,15:01,4,1,1
HA_20230808_b-direction-2.results_16,catch_trial_white_2,False,0.0,-1,15:01,15:01,2,1,1
HA_20230808_b-direction-2.results_18,catch_trial_black_2,False,0.0,-2,15:01,15:01,2,0,1
HA_20230808_b-direction-0.results_0,catch_trial_white_1,False,0.0,-2,14:57,14:57,4,1,1
HA_20230808_b-direction-0.results_2,catch_trial_black_1,False,0.0,-2,14:57,14:57,3,1,1
HA_20230808_b-direction-0.results_4,catch_trial_black_4,False,0.0,2,14:58,14:58,2,0,1
HA_20230808_b-direction-0.results_6,catch_trial_black_3,False,0.0,0,14:58,14:58,2,1,1
HA_20230808_b-direction-0.results_8,catch_trial_white_5,False,0.0,1,14:58,14:58,3,0,1
HA_20230808_b-direction-0.results_10,catch_trial_black_5,False,0.0,2,14:58,14:58,4,1,1
HA_20230808_b-direction-0.results_12,catch_trial_white_4,False,0.0,0,14:58,14:58,2,0,1
HA_20230808_b-direction-0.results_14,catch_trial_white_3,False,0.0,0,14:58,14:58,2,1,1
HA_20230808_b-direction-0.results_16,catch_trial_white_2,False,0.0,-1,14:58,14:58,2,1,1
HA_20230808_b-direction-0.results_18,catch_trial_black_2,False,0.0,-1,14:58,14:58,4,1,1
MA_20230904_a-direction-1.results_0,catch_trial_white_3,False,0.0,-1,17:22,17:22,21,0,1
MA_20230904_a-direction-1.results_2,catch_trial_black_3,False,0.0,0,17:22,17:23,24,1,1
MA_20230904_a-direction-1.results_4,catch_trial_black_1,False,0.0,-2,17:23,17:23,2,1,1
MA_20230904_a-direction-1.results_6,catch_trial_white_1,False,0.0,-2,17:23,17:23,4,1,1
MA_20230904_a-direction-1.results_8,catch_trial_white_4,False,0.0,2,17:23,17:23,4,0,1
MA_20230904_a-direction-1.results_10,catch_trial_white_5,False,0.0,2,17:23,17:23,2,1,1
MA_20230904_a-direction-1.results_12,catch_trial_black_2,False,0.0,-2,17:24,17:24,11,0,1
MA_20230904_a-direction-1.results_14,catch_trial_black_5,False,0.0,2,17:24,17:24,12,1,1
MA_20230904_a-direction-1.results_16,catch_trial_black_4,False,0.0,2,17:24,17:25,6,0,1
MA_20230904_a-direction-1.results_18,catch_trial_white_2,False,0.0,-2,17:25,17:25,4,0,1
MA_20230904_a-direction-2.results_0,catch_trial_black_1,False,0.0,-2,17:26,17:26,3,1,1
MA_20230904_a-direction-2.results_2,catch_trial_black_5,False,0.0,2,17:27,17:27,1,1,1
MA_20230904_a-direction-2.results_4,catch_trial_white_1,False,0.0,-2,17:27,17:27,2,1,1
MA_20230904_a-direction-2.results_6,catch_trial_white_2,False,0.0,-2,17:27,17:27,3,0,1
MA_20230904_a-direction-2.results_8,catch_trial_black_2,False,0.0,-2,17:27,17:28,8,0,1
MA_20230904_a-direction-2.results_10,catch_trial_black_4,False,0.0,2,17:28,17:28,37,0,1
MA_20230904_a-direction-2.results_12,catch_trial_white_3,False,0.0,0,17:28,17:29,8,1,1
MA_20230904_a-direction-2.results_14,catch_trial_black_3,False,0.0,0,17:29,17:29,15,1,1
MA_20230904_a-direction-2.results_16,catch_trial_white_4,False,0.0,2,17:29,17:29,3,0,1
MA_20230904_a-direction-2.results_18,catch_trial_white_5,False,0.0,2,17:29,17:29,2,1,1
MA_20230904_a-direction-0.results_0,catch_trial_white_4,False,0.0,2,17:16,17:16,10,0,1
MA_20230904_a-direction-0.results_2,catch_trial_black_2,False,0.0,-2,17:16,17:17,9,0,1
MA_20230904_a-direction-0.results_4,catch_trial_black_5,False,0.0,2,17:17,17:17,9,1,1
MA_20230904_a-direction-0.results_6,catch_trial_white_5,False,0.0,2,17:17,17:17,8,1,1
MA_20230904_a-direction-0.results_8,catch_trial_white_2,False,0.0,-1,17:18,17:18,10,1,1
MA_20230904_a-direction-0.results_10,catch_trial_black_3,False,0.0,0,17:18,17:18,13,1,1
MA_20230904_a-direction-0.results_12,catch_trial_white_1,False,0.0,-2,17:18,17:19,5,1,1
MA_20230904_a-direction-0.results_14,catch_trial_black_4,False,0.0,2,17:19,17:19,12,0,1
MA_20230904_a-direction-0.results_16,catch_trial_white_3,False,0.0,-1,17:19,17:19,10,0,1
MA_20230904_a-direction-0.results_18,catch_trial_black_1,False,0.0,-2,17:19,17:19,4,1,1
JP_20230811_b-direction-0.results_0,catch_trial_white_5,False,0.0,2,15:48,15:49,11,1,1
JP_20230811_b-direction-0.results_2,catch_trial_black_4,False,0.0,1,15:49,15:49,7,1,1
JP_20230811_b-direction-0.results_4,catch_trial_black_3,False,0.0,0,15:49,15:49,3,1,1
JP_20230811_b-direction-0.results_6,catch_trial_black_2,False,0.0,0,15:49,15:49,3,0,1
JP_20230811_b-direction-0.results_8,catch_trial_white_3,False,0.0,0,15:49,15:49,4,1,1
JP_20230811_b-direction-0.results_10,catch_trial_white_2,False,0.0,-1,15:49,15:50,6,1,1
JP_20230811_b-direction-0.results_12,catch_trial_black_1,False,0.0,-1,15:50,15:50,14,0,1
JP_20230811_b-direction-0.results_14,catch_trial_white_1,False,0.0,-2,15:50,15:50,9,1,1
JP_20230811_b-direction-0.results_16,catch_trial_white_4,False,0.0,0,15:50,15:50,4,0,1
JP_20230811_b-direction-0.results_18,catch_trial_black_5,False,0.0,2,15:50,15:51,11,1,1
JP_20230811_b-direction-2.results_0,catch_trial_white_2,False,0.0,-1,15:58,15:58,3,1,1
JP_20230811_b-direction-2.results_2,catch_trial_black_2,False,0.0,0,15:58,15:58,28,0,1
JP_20230811_b-direction-2.results_4,catch_trial_black_4,False,0.0,1,15:58,15:58,8,1,1
JP_20230811_b-direction-2.results_6,catch_trial_white_4,False,0.0,1,15:59,15:59,6,1,1
JP_20230811_b-direction-2.results_8,catch_trial_white_5,False,0.0,2,15:59,15:59,5,1,1
JP_20230811_b-direction-2.results_10,catch_trial_black_3,False,0.0,1,15:59,15:59,11,0,1
JP_20230811_b-direction-2.results_12,catch_trial_white_3,False,0.0,0,16:00,16:00,17,1,1
JP_20230811_b-direction-2.results_14,catch_trial_white_1,False,0.0,-1,16:00,16:00,2,0,1
JP_20230811_b-direction-2.results_16,catch_trial_black_5,False,0.0,1,16:00,16:00,2,0,1
JP_20230811_b-direction-2.results_18,catch_trial_black_1,False,0.0,-1,16:00,16:00,13,0,1
JP_20230811_b-direction-1.results_0,catch_trial_black_5,False,0.0,1,15:53,15:53,7,0,1
JP_20230811_b-direction-1.results_2,catch_trial_white_2,False,0.0,-1,15:53,15:53,7,1,1
JP_20230811_b-direction-1.results_4,catch_trial_black_2,False,0.0,-2,15:53,15:53,6,0,1
JP_20230811_b-direction-1.results_6,catch_trial_black_4,False,0.0,1,15:54,15:54,7,1,1
JP_20230811_b-direction-1.results_8,catch_trial_black_3,False,0.0,0,15:54,15:54,5,1,1
JP_20230811_b-direction-1.results_10,catch_trial_white_1,False,0.0,-1,15:54,15:54,5,0,1
JP_20230811_b-direction-1.results_12,catch_trial_black_1,False,0.0,-1,15:55,15:55,10,0,1
JP_20230811_b-direction-1.results_14,catch_trial_white_4,False,0.0,1,15:55,15:55,6,1,1
JP_20230811_b-direction-1.results_16,catch_trial_white_3,False,0.0,0,15:55,15:56,9,1,1
JP_20230811_b-direction-1.results_18,catch_trial_white_5,False,0.0,2,15:56,15:56,4,1,1
JV_20230808_b-direction-0.results_0,catch_trial_black_3,False,0.0,0,14:25,14:25,5,1,1
JV_20230808_b-direction-0.results_2,catch_trial_white_3,False,0.0,0,14:25,14:25,7,1,1
JV_20230808_b-direction-0.results_4,catch_trial_white_2,False,0.0,-1,14:25,14:25,2,1,1
JV_20230808_b-direction-0.results_6,catch_trial_black_4,False,0.0,2,14:25,14:26,11,0,1
JV_20230808_b-direction-0.results_8,catch_trial_black_5,False,0.0,2,14:26,14:26,2,1,1
JV_20230808_b-direction-0.results_10,catch_trial_white_4,False,0.0,1,14:26,14:26,2,1,1
JV_20230808_b-direction-0.results_12,catch_trial_black_2,False,0.0,-1,14:26,14:26,2,1,1
JV_20230808_b-direction-0.results_14,catch_trial_black_1,False,0.0,-2,14:26,14:26,1,1,1
JV_20230808_b-direction-0.results_16,catch_trial_white_1,False,0.0,-2,14:26,14:26,2,1,1
JV_20230808_b-direction-0.results_18,catch_trial_white_5,False,0.0,2,14:26,14:26,2,1,1
JV_20230808_b-direction-1.results_0,catch_trial_black_3,False,0.0,1,14:27,14:27,4,0,1
JV_20230808_b-direction-1.results_2,catch_trial_black_1,False,0.0,-2,14:27,14:27,2,1,1
JV_20230808_b-direction-1.results_4,catch_trial_black_4,False,0.0,2,14:27,14:27,1,0,1
JV_20230808_b-direction-1.results_6,catch_trial_white_2,False,0.0,-1,14:27,14:27,2,1,1
JV_20230808_b-direction-1.results_8,catch_trial_white_3,False,0.0,0,14:27,14:27,2,1,1
JV_20230808_b-direction-1.results_10,catch_trial_white_4,False,0.0,1,14:27,14:28,2,1,1
JV_20230808_b-direction-1.results_12,catch_trial_white_1,False,0.0,-2,14:28,14:28,2,1,1
JV_20230808_b-direction-1.results_14,catch_trial_white_5,False,0.0,1,14:28,14:28,1,0,1
JV_20230808_b-direction-1.results_16,catch_trial_black_5,False,0.0,2,14:28,14:28,1,1,1
JV_20230808_b-direction-1.results_18,catch_trial_black_2,False,0.0,-1,14:28,14:28,2,1,1
JV_20230808_b-direction-2.results_0,catch_trial_black_5,False,0.0,2,14:29,14:29,2,1,1
JV_20230808_b-direction-2.results_2,catch_trial_black_3,False,0.0,0,14:29,14:29,2,1,1
JV_20230808_b-direction-2.results_4,catch_trial_white_5,False,0.0,2,14:29,14:29,2,1,1
JV_20230808_b-direction-2.results_6,catch_trial_white_2,False,0.0,-2,14:29,14:30,12,0,1
JV_20230808_b-direction-2.results_8,catch_trial_black_2,False,0.0,-2,14:30,14:30,2,0,1
JV_20230808_b-direction-2.results_10,catch_trial_white_3,False,0.0,0,14:30,14:30,4,1,1
JV_20230808_b-direction-2.results_12,catch_trial_black_1,False,0.0,-2,14:30,14:30,4,1,1
JV_20230808_b-direction-2.results_14,catch_trial_black_4,False,0.0,1,14:30,14:30,3,1,1
JV_20230808_b-direction-2.results_16,catch_trial_white_1,False,0.0,-2,14:30,14:31,6,1,1
JV_20230808_b-direction-2.results_18,catch_trial_white_4,False,0.0,1,14:31,14:31,3,1,1
KF_20230810_a-direction-0.results_0,catch_trial_white_5,False,0.0,2,11:16,11:17,87,1,1
KF_20230810_a-direction-0.results_2,catch_trial_white_4,False,0.0,2,11:17,11:17,4,0,1
KF_20230810_a-direction-0.results_4,catch_trial_black_5,False,0.0,2,11:17,11:17,4,1,1
KF_20230810_a-direction-0.results_6,catch_trial_black_2,False,0.0,-2,11:18,11:18,4,0,1
KF_20230810_a-direction-0.results_8,catch_trial_white_3,False,0.0,1,11:18,11:18,4,0,1
KF_20230810_a-direction-0.results_10,catch_trial_black_3,False,0.0,1,11:18,11:18,2,0,1
KF_20230810_a-direction-0.results_12,catch_trial_black_4,False,0.0,2,11:18,11:18,3,0,1
KF_20230810_a-direction-0.results_14,catch_trial_white_2,False,0.0,-2,11:18,11:18,4,0,1
KF_20230810_a-direction-0.results_16,catch_trial_white_1,False,0.0,-2,11:18,11:18,2,1,1
KF_20230810_a-direction-0.results_18,catch_trial_black_1,False,0.0,-2,11:18,11:19,2,1,1
KF_20230810_a-direction-1.results_0,catch_trial_black_5,False,0.0,2,11:20,11:20,4,1,1
KF_20230810_a-direction-1.results_2,catch_trial_white_2,False,0.0,-2,11:20,11:20,2,0,1
KF_20230810_a-direction-1.results_4,catch_trial_white_3,False,0.0,-2,11:20,11:20,2,0,0
KF_20230810_a-direction-1.results_6,catch_trial_white_5,False,0.0,2,11:20,11:20,2,1,1
KF_20230810_a-direction-1.results_8,catch_trial_black_2,False,0.0,-2,11:20,11:20,4,0,1
KF_20230810_a-direction-1.results_10,catch_trial_white_4,False,0.0,2,11:20,11:20,5,0,1
KF_20230810_a-direction-1.results_12,catch_trial_black_4,False,0.0,2,11:21,11:21,4,0,1
KF_20230810_a-direction-1.results_14,catch_trial_white_1,False,0.0,-2,11:21,11:21,2,1,1
KF_20230810_a-direction-1.results_16,catch_trial_black_3,False,0.0,-2,11:21,11:21,2,0,0
KF_20230810_a-direction-1.results_18,catch_trial_black_1,False,0.0,-2,11:21,11:21,2,1,1
KF_20230810_a-direction-2.results_0,catch_trial_white_5,False,0.0,2,11:21,11:22,2,1,1
KF_20230810_a-direction-2.results_2,catch_trial_black_2,False,0.0,-2,11:22,11:22,2,0,1
KF_20230810_a-direction-2.results_4,catch_trial_white_3,False,0.0,-2,11:22,11:22,3,0,0
KF_20230810_a-direction-2.results_6,catch_trial_black_1,False,0.0,-2,11:22,11:22,6,1,1
KF_20230810_a-direction-2.results_8,catch_trial_black_4,False,0.0,2,11:22,11:22,2,0,1
KF_20230810_a-direction-2.results_10,catch_trial_white_1,False,0.0,-2,11:22,11:22,2,1,1
KF_20230810_a-direction-2.results_12,catch_trial_white_4,False,0.0,2,11:22,11:22,2,0,1
KF_20230810_a-direction-2.results_14,catch_trial_white_2,False,0.0,-1,11:22,11:23,5,1,1
KF_20230810_a-direction-2.results_16,catch_trial_black_5,False,0.0,2,11:23,11:23,2,1,1
KF_20230810_a-direction-2.results_18,catch_trial_black_3,False,0.0,-2,11:23,11:23,2,0,0
TT_20230811_a-direction-2.results_0,catch_trial_black_2,False,0.0,-1,15:03,15:03,9,1,1
TT_20230811_a-direction-2.results_2,catch_trial_black_1,False,0.0,-2,15:03,15:03,1,1,1
TT_20230811_a-direction-2.results_4,catch_trial_white_5,False,0.0,2,15:03,15:03,3,1,1
TT_20230811_a-direction-2.results_6,catch_trial_white_2,False,0.0,-2,15:03,15:04,3,0,1
TT_20230811_a-direction-2.results_8,catch_trial_black_3,False,0.0,0,15:04,15:04,14,1,1
TT_20230811_a-direction-2.results_10,catch_trial_white_4,False,0.0,1,15:04,15:04,2,1,1
TT_20230811_a-direction-2.results_12,catch_trial_black_4,False,0.0,2,15:04,15:04,2,0,1
TT_20230811_a-direction-2.results_14,catch_trial_black_5,False,0.0,2,15:04,15:04,2,1,1
TT_20230811_a-direction-2.results_16,catch_trial_white_1,False,0.0,-2,15:04,15:04,2,1,1
TT_20230811_a-direction-2.results_18,catch_trial_white_3,False,0.0,0,15:04,15:04,2,1,1
TT_20230811_a-direction-0.results_0,catch_trial_black_3,False,0.0,-1,14:58,14:58,12,0,1
TT_20230811_a-direction-0.results_2,catch_trial_white_2,False,0.0,-2,14:58,14:58,6,0,1
TT_20230811_a-direction-0.results_4,catch_trial_black_4,False,0.0,2,14:58,14:58,5,0,1
TT_20230811_a-direction-0.results_6,catch_trial_white_4,False,0.0,2,14:59,14:59,4,0,1
TT_20230811_a-direction-0.results_8,catch_trial_black_1,False,0.0,-2,14:59,14:59,3,1,1
TT_20230811_a-direction-0.results_10,catch_trial_black_2,False,0.0,-1,14:59,14:59,7,1,1
TT_20230811_a-direction-0.results_12,catch_trial_black_5,False,0.0,2,14:59,14:59,2,1,1
TT_20230811_a-direction-0.results_14,catch_trial_white_1,False,0.0,-2,14:59,14:59,4,1,1
TT_20230811_a-direction-0.results_16,catch_trial_white_5,False,0.0,2,14:59,15:00,2,1,1
TT_20230811_a-direction-0.results_18,catch_trial_white_3,False,0.0,0,15:00,15:00,2,1,1
TT_20230811_a-direction-1.results_0,catch_trial_black_3,False,0.0,0,15:01,15:01,4,1,1
TT_20230811_a-direction-1.results_2,catch_trial_black_2,False,0.0,-1,15:01,15:01,6,1,1
TT_20230811_a-direction-1.results_4,catch_trial_white_5,False,0.0,2,15:01,15:01,3,1,1
TT_20230811_a-direction-1.results_6,catch_trial_white_4,False,0.0,2,15:01,15:01,2,0,1
TT_20230811_a-direction-1.results_8,catch_trial_black_4,False,0.0,2,15:01,15:02,9,0,1
TT_20230811_a-direction-1.results_10,catch_trial_white_2,False,0.0,-2,15:02,15:02,3,0,1
TT_20230811_a-direction-1.results_12,catch_trial_white_1,False,0.0,-2,15:02,15:02,2,1,1
TT_20230811_a-direction-1.results_14,catch_trial_black_1,False,0.0,-2,15:02,15:02,6,1,1
TT_20230811_a-direction-1.results_16,catch_trial_black_5,False,0.0,2,15:02,15:02,1,1,1
TT_20230811_a-direction-1.results_18,catch_trial_white_3,False,0.0,0,15:02,15:02,2,1,1
