trial,stim,likert_flipped,presented_intensity,response,start_time,stop_time,duration,time_of_day
AK_20230810_b-direction-0.results_1,bullseye_high_freq,True,0.5,0,12:01,12:01,18,Noon
AK_20230810_b-direction-0.results_3,bullseye_low_separate,False,0.49,0,12:01,12:01,5,Noon
AK_20230810_b-direction-0.results_5,whites_separate,True,0.51,-2,12:01,12:01,10,Noon
AK_20230810_b-direction-0.results_7,bullseye_high_freq,False,0.5,1,12:02,12:02,11,Noon
AK_20230810_b-direction-0.results_9,strip,False,0.49,1,12:02,12:03,42,Noon
AK_20230810_b-direction-0.results_11,checkerboard_separate,True,0.51,0,12:03,12:03,12,Noon
AK_20230810_b-direction-0.results_13,bullseye_low_separate,True,0.49,0,12:03,12:03,10,Noon
AK_20230810_b-direction-0.results_15,sbc_separate,True,0.51,0,12:03,12:03,4,Noon
AK_20230810_b-direction-0.results_17,sbc,True,0.49,0,12:03,12:04,29,Noon
AK_20230810_b-direction-0.results_19,sbc,False,0.49,0,12:04,12:04,14,Noon
AK_20230810_b-direction-0.results_20,strip,True,0.49,2,12:04,12:04,4,Noon
AK_20230810_b-direction-0.results_21,sbc_separate,False,0.51,0,12:04,12:04,4,Noon
AK_20230810_b-direction-0.results_22,checkerboard,True,0.5,2,12:04,12:04,9,Noon
AK_20230810_b-direction-0.results_23,whites,False,0.5,-1,12:04,12:05,18,Noon
AK_20230810_b-direction-0.results_24,whites_separate,False,0.51,-1,12:05,12:05,9,Noon
AK_20230810_b-direction-0.results_25,checkerboard_separate,False,0.51,1,12:05,12:05,23,Noon
AK_20230810_b-direction-0.results_26,checkerboard,False,0.5,2,12:05,12:05,7,Noon
AK_20230810_b-direction-0.results_27,whites,True,0.5,-1,12:05,12:05,14,Noon
AK_20230810_b-direction-1.results_1,strip,False,0.5,0,12:06,12:06,21,Noon
AK_20230810_b-direction-1.results_3,whites,False,0.51,-1,12:06,12:06,7,Noon
AK_20230810_b-direction-1.results_5,bullseye_high_freq,True,0.51,0,12:06,12:06,13,Noon
AK_20230810_b-direction-1.results_7,checkerboard_separate,False,0.49,0,12:07,12:07,4,Noon
AK_20230810_b-direction-1.results_9,bullseye_low_separate,False,0.5,0,12:07,12:07,13,Noon
AK_20230810_b-direction-1.results_11,sbc_separate,True,0.49,0,12:07,12:07,11,Noon
AK_20230810_b-direction-1.results_13,checkerboard_separate,True,0.49,1,12:07,12:08,10,Noon
AK_20230810_b-direction-1.results_15,whites_separate,True,0.49,-1,12:08,12:09,84,Noon
AK_20230810_b-direction-1.results_17,sbc,True,0.5,0,12:09,12:09,3,Noon
AK_20230810_b-direction-1.results_19,checkerboard,True,0.51,0,12:09,12:10,24,Noon
AK_20230810_b-direction-1.results_20,strip,True,0.5,0,12:10,12:10,43,Noon
AK_20230810_b-direction-1.results_21,bullseye_low_separate,True,0.5,0,12:10,12:11,3,Noon
AK_20230810_b-direction-1.results_22,sbc_separate,False,0.49,0,12:11,12:11,4,Noon
AK_20230810_b-direction-1.results_23,whites_separate,False,0.49,-2,12:11,12:11,6,Noon
AK_20230810_b-direction-1.results_24,checkerboard,False,0.51,1,12:11,12:11,19,Noon
AK_20230810_b-direction-1.results_25,bullseye_high_freq,False,0.51,1,12:11,12:11,3,Noon
AK_20230810_b-direction-1.results_26,whites,True,0.51,0,12:11,12:11,5,Noon
AK_20230810_b-direction-1.results_27,sbc,False,0.5,0,12:11,12:11,18,Noon
AK_20230810_b-direction-2.results_1,bullseye_low_separate,True,0.51,0,12:12,12:12,5,Noon
AK_20230810_b-direction-2.results_3,checkerboard_separate,True,0.5,0,12:12,12:12,12,Noon
AK_20230810_b-direction-2.results_5,checkerboard_separate,False,0.5,1,12:12,12:13,55,Noon
AK_20230810_b-direction-2.results_7,strip,True,0.51,0,12:13,12:13,8,Noon
AK_20230810_b-direction-2.results_9,bullseye_high_freq,True,0.49,0,12:13,12:13,14,Noon
AK_20230810_b-direction-2.results_11,strip,False,0.51,0,12:14,12:14,4,Noon
AK_20230810_b-direction-2.results_13,bullseye_low_separate,False,0.51,0,12:14,12:15,65,Noon
AK_20230810_b-direction-2.results_15,sbc_separate,True,0.5,0,12:15,12:15,3,Noon
AK_20230810_b-direction-2.results_17,whites_separate,True,0.5,-2,12:15,12:15,12,Noon
AK_20230810_b-direction-2.results_19,sbc_separate,False,0.5,0,12:15,12:15,7,Noon
AK_20230810_b-direction-2.results_20,checkerboard,False,0.49,2,12:15,12:15,4,Noon
AK_20230810_b-direction-2.results_21,whites_separate,False,0.5,-2,12:15,12:16,5,Noon
AK_20230810_b-direction-2.results_22,sbc,True,0.51,0,12:16,12:16,3,Noon
AK_20230810_b-direction-2.results_23,checkerboard,True,0.49,2,12:16,12:16,5,Noon
AK_20230810_b-direction-2.results_24,bullseye_high_freq,False,0.49,0,12:16,12:16,10,Noon
AK_20230810_b-direction-2.results_25,sbc,False,0.51,-2,12:16,12:16,5,Noon
AK_20230810_b-direction-2.results_26,whites,True,0.49,-2,12:16,12:16,21,Noon
AK_20230810_b-direction-2.results_27,whites,False,0.49,-2,12:16,12:16,7,Noon
AA_20230904_b-direction-0.results_1,bullseye_low_separate,True,0.49,0,17:58,17:59,6,Afternoon
AA_20230904_b-direction-0.results_3,whites_separate,True,0.51,-1,17:59,17:59,19,Afternoon
AA_20230904_b-direction-0.results_5,bullseye_high_freq,True,0.5,1,17:59,17:59,10,Afternoon
AA_20230904_b-direction-0.results_7,whites,True,0.5,-1,17:59,17:59,6,Afternoon
AA_20230904_b-direction-0.results_9,bullseye_low_separate,False,0.49,1,17:59,18:00,6,Afternoon
AA_20230904_b-direction-0.results_11,checkerboard_separate,True,0.51,0,18:00,18:00,7,Evening
AA_20230904_b-direction-0.results_13,sbc_separate,True,0.51,2,18:00,18:00,3,Evening
AA_20230904_b-direction-0.results_15,bullseye_high_freq,False,0.5,-1,18:00,18:00,2,Evening
AA_20230904_b-direction-0.results_17,sbc,True,0.49,2,18:00,18:00,4,Evening
AA_20230904_b-direction-0.results_19,whites,False,0.5,1,18:00,18:00,5,Evening
AA_20230904_b-direction-0.results_20,sbc_separate,False,0.51,2,18:00,18:00,2,Evening
AA_20230904_b-direction-0.results_21,strip,True,0.49,-1,18:00,18:00,8,Evening
AA_20230904_b-direction-0.results_22,strip,False,0.49,0,18:00,18:00,5,Evening
AA_20230904_b-direction-0.results_23,sbc,False,0.49,2,18:00,18:00,4,Evening
AA_20230904_b-direction-0.results_24,checkerboard,False,0.5,0,18:00,18:00,6,Evening
AA_20230904_b-direction-0.results_25,checkerboard,True,0.5,0,18:00,18:00,1,Evening
AA_20230904_b-direction-0.results_26,checkerboard_separate,False,0.51,0,18:00,18:00,2,Evening
AA_20230904_b-direction-0.results_27,whites_separate,False,0.51,0,18:00,18:01,3,Evening
AA_20230904_b-direction-2.results_1,whites_separate,False,0.5,-1,18:02,18:02,3,Evening
AA_20230904_b-direction-2.results_3,bullseye_high_freq,False,0.49,-2,18:02,18:02,3,Evening
AA_20230904_b-direction-2.results_5,sbc,False,0.51,2,18:02,18:02,1,Evening
AA_20230904_b-direction-2.results_7,checkerboard_separate,False,0.5,-1,18:02,18:02,4,Evening
AA_20230904_b-direction-2.results_9,bullseye_high_freq,True,0.49,-2,18:02,18:02,4,Evening
AA_20230904_b-direction-2.results_11,sbc,True,0.51,2,18:02,18:02,1,Evening
AA_20230904_b-direction-2.results_13,strip,True,0.51,-2,18:02,18:03,8,Evening
AA_20230904_b-direction-2.results_15,sbc_separate,True,0.5,2,18:03,18:03,1,Evening
AA_20230904_b-direction-2.results_17,bullseye_low_separate,True,0.51,-2,18:03,18:03,2,Evening
AA_20230904_b-direction-2.results_19,bullseye_low_separate,False,0.51,-2,18:03,18:03,4,Evening
AA_20230904_b-direction-2.results_20,whites_separate,True,0.5,-1,18:03,18:03,1,Evening
AA_20230904_b-direction-2.results_21,sbc_separate,False,0.5,2,18:03,18:03,4,Evening
AA_20230904_b-direction-2.results_22,whites,False,0.49,2,18:03,18:03,2,Evening
AA_20230904_b-direction-2.results_23,whites,True,0.49,2,18:03,18:03,2,Evening
AA_20230904_b-direction-2.results_24,checkerboard_separate,True,0.5,0,18:03,18:03,3,Evening
AA_20230904_b-direction-2.results_25,checkerboard,False,0.49,-2,18:03,18:03,4,Evening
AA_20230904_b-direction-2.results_26,strip,False,0.51,-2,18:03,18:03,4,Evening
AA_20230904_b-direction-2.results_27,checkerboard,True,0.49,-1,18:03,18:03,3,Evening
AA_20230904_b-direction-1.results_1,whites,True,0.51,-1,18:01,18:01,3,Evening
AA_20230904_b-direction-1.results_3,bullseye_high_freq,False,0.51,-1,18:01,18:01,4,Evening
AA_20230904_b-direction-1.results_5,whites_separate,False,0.49,-1,18:01,18:01,2,Evening
AA_20230904_b-direction-1.results_7,bullseye_low_separate,False,0.5,-1,18:01,18:01,2,Evening
AA_20230904_b-direction-1.results_9,sbc_separate,False,0.49,2,18:01,18:01,2,Evening
AA_20230904_b-direction-1.results_11,strip,True,0.5,0,18:01,18:01,13,Evening
AA_20230904_b-direction-1.results_13,bullseye_high_freq,True,0.51,-1,18:01,18:01,3,Evening
AA_20230904_b-direction-1.results_15,sbc,True,0.5,2,18:01,18:01,2,Evening
AA_20230904_b-direction-1.results_17,sbc_separate,True,0.49,2,18:01,18:01,2,Evening
AA_20230904_b-direction-1.results_19,checkerboard_separate,False,0.49,0,18:01,18:01,4,Evening
AA_20230904_b-direction-1.results_20,whites,False,0.51,0,18:01,18:02,8,Evening
AA_20230904_b-direction-1.results_21,checkerboard,True,0.51,1,18:02,18:02,8,Evening
AA_20230904_b-direction-1.results_22,strip,False,0.5,-2,18:02,18:02,4,Evening
AA_20230904_b-direction-1.results_23,checkerboard,False,0.51,-1,18:02,18:02,8,Evening
AA_20230904_b-direction-1.results_24,bullseye_low_separate,True,0.5,-2,18:02,18:02,2,Evening
AA_20230904_b-direction-1.results_25,whites_separate,True,0.49,-2,18:02,18:02,1,Evening
AA_20230904_b-direction-1.results_26,checkerboard_separate,True,0.49,-1,18:02,18:02,5,Evening
AA_20230904_b-direction-1.results_27,sbc,False,0.5,2,18:02,18:02,1,Evening
JL_20230810_b-direction-1.results_1,bullseye_high_freq,True,0.51,-1,12:42,12:42,10,Noon
JL_20230810_b-direction-1.results_3,bullseye_high_freq,False,0.51,1,12:42,12:42,6,Noon
JL_20230810_b-direction-1.results_5,whites_separate,True,0.49,0,12:42,12:42,7,Noon
JL_20230810_b-direction-1.results_7,strip,False,0.5,2,12:42,12:42,5,Noon
JL_20230810_b-direction-1.results_9,checkerboard_separate,False,0.49,-2,12:42,12:43,14,Noon
JL_20230810_b-direction-1.results_11,sbc,True,0.5,-1,12:43,12:43,8,Noon
JL_20230810_b-direction-1.results_13,sbc_separate,False,0.49,0,12:43,12:43,7,Noon
JL_20230810_b-direction-1.results_15,strip,True,0.5,2,12:43,12:43,5,Noon
JL_20230810_b-direction-1.results_17,bullseye_low_separate,True,0.5,1,12:43,12:43,11,Noon
JL_20230810_b-direction-1.results_19,whites_separate,False,0.49,-1,12:43,12:44,26,Noon
JL_20230810_b-direction-1.results_20,whites,False,0.51,-1,12:44,12:44,16,Noon
JL_20230810_b-direction-1.results_21,checkerboard,True,0.51,1,12:44,12:44,5,Noon
JL_20230810_b-direction-1.results_22,bullseye_low_separate,False,0.5,0,12:44,12:44,7,Noon
JL_20230810_b-direction-1.results_23,checkerboard_separate,True,0.49,-2,12:44,12:44,5,Noon
JL_20230810_b-direction-1.results_24,sbc,False,0.5,-2,12:44,12:44,8,Noon
JL_20230810_b-direction-1.results_25,sbc_separate,True,0.49,-1,12:44,12:45,9,Noon
JL_20230810_b-direction-1.results_26,whites,True,0.51,-1,12:45,12:45,21,Noon
JL_20230810_b-direction-1.results_27,checkerboard,False,0.51,-1,12:45,12:45,10,Noon
JL_20230810_b-direction-0.results_1,checkerboard,False,0.5,0,12:38,12:38,7,Noon
JL_20230810_b-direction-0.results_3,sbc,True,0.49,-2,12:38,12:38,6,Noon
JL_20230810_b-direction-0.results_5,sbc,False,0.49,-1,12:38,12:38,11,Noon
JL_20230810_b-direction-0.results_7,checkerboard_separate,True,0.51,0,12:39,12:39,5,Noon
JL_20230810_b-direction-0.results_9,checkerboard_separate,False,0.51,0,12:39,12:39,15,Noon
JL_20230810_b-direction-0.results_11,bullseye_low_separate,False,0.49,1,12:39,12:39,7,Noon
JL_20230810_b-direction-0.results_13,whites_separate,False,0.51,-1,12:39,12:40,20,Noon
JL_20230810_b-direction-0.results_15,checkerboard,True,0.5,2,12:40,12:40,6,Noon
JL_20230810_b-direction-0.results_17,whites,True,0.5,0,12:40,12:40,6,Noon
JL_20230810_b-direction-0.results_19,strip,False,0.49,1,12:40,12:40,8,Noon
JL_20230810_b-direction-0.results_20,sbc_separate,True,0.51,0,12:40,12:40,8,Noon
JL_20230810_b-direction-0.results_21,bullseye_low_separate,True,0.49,-1,12:40,12:41,12,Noon
JL_20230810_b-direction-0.results_22,strip,True,0.49,2,12:41,12:41,6,Noon
JL_20230810_b-direction-0.results_23,whites_separate,True,0.51,-1,12:41,12:41,7,Noon
JL_20230810_b-direction-0.results_24,sbc_separate,False,0.51,-2,12:41,12:41,8,Noon
JL_20230810_b-direction-0.results_25,bullseye_high_freq,True,0.5,1,12:41,12:41,6,Noon
JL_20230810_b-direction-0.results_26,bullseye_high_freq,False,0.5,-1,12:41,12:42,34,Noon
JL_20230810_b-direction-0.results_27,whites,False,0.5,-2,12:42,12:42,3,Noon
JL_20230810_b-direction-2.results_1,bullseye_high_freq,False,0.49,-1,12:45,12:45,8,Noon
JL_20230810_b-direction-2.results_3,sbc,False,0.51,-2,12:45,12:45,6,Noon
JL_20230810_b-direction-2.results_5,checkerboard_separate,False,0.5,-2,12:45,12:46,6,Noon
JL_20230810_b-direction-2.results_7,whites_separate,False,0.5,-2,12:46,12:46,9,Noon
JL_20230810_b-direction-2.results_9,strip,True,0.51,0,12:46,12:46,8,Noon
JL_20230810_b-direction-2.results_11,whites,False,0.49,-1,12:46,12:46,8,Noon
JL_20230810_b-direction-2.results_13,checkerboard,False,0.49,0,12:46,12:47,24,Noon
JL_20230810_b-direction-2.results_15,bullseye_low_separate,True,0.51,0,12:47,12:47,24,Noon
JL_20230810_b-direction-2.results_17,strip,False,0.51,1,12:47,12:47,8,Noon
JL_20230810_b-direction-2.results_19,sbc,True,0.51,-2,12:47,12:47,5,Noon
JL_20230810_b-direction-2.results_20,whites,True,0.49,-1,12:47,12:48,19,Noon
JL_20230810_b-direction-2.results_21,sbc_separate,False,0.5,0,12:48,12:48,13,Noon
JL_20230810_b-direction-2.results_22,checkerboard_separate,True,0.5,-2,12:48,12:48,7,Noon
JL_20230810_b-direction-2.results_23,bullseye_high_freq,True,0.49,0,12:48,12:48,27,Noon
JL_20230810_b-direction-2.results_24,sbc_separate,True,0.5,-2,12:48,12:49,12,Noon
JL_20230810_b-direction-2.results_25,whites_separate,True,0.5,0,12:49,12:49,12,Noon
JL_20230810_b-direction-2.results_26,bullseye_low_separate,False,0.51,-1,12:49,12:49,14,Noon
JL_20230810_b-direction-2.results_27,checkerboard,True,0.49,1,12:49,12:49,9,Noon
KN_20230904_a-direction-2.results_1,bullseye_high_freq,False,0.49,0,15:16,15:16,1,Afternoon
KN_20230904_a-direction-2.results_3,whites_separate,False,0.5,-1,15:16,15:16,1,Afternoon
KN_20230904_a-direction-2.results_5,bullseye_low_separate,True,0.51,0,15:16,15:16,3,Afternoon
KN_20230904_a-direction-2.results_7,checkerboard,False,0.49,0,15:16,15:17,3,Afternoon
KN_20230904_a-direction-2.results_9,whites_separate,True,0.5,-1,15:17,15:17,3,Afternoon
KN_20230904_a-direction-2.results_11,sbc,True,0.51,0,15:17,15:17,2,Afternoon
KN_20230904_a-direction-2.results_13,whites,True,0.49,-1,15:17,15:17,2,Afternoon
KN_20230904_a-direction-2.results_15,bullseye_high_freq,True,0.49,1,15:17,15:17,2,Afternoon
KN_20230904_a-direction-2.results_17,strip,True,0.51,1,15:17,15:17,3,Afternoon
KN_20230904_a-direction-2.results_19,checkerboard,True,0.49,1,15:17,15:17,1,Afternoon
KN_20230904_a-direction-2.results_20,strip,False,0.51,0,15:17,15:17,2,Afternoon
KN_20230904_a-direction-2.results_21,checkerboard_separate,True,0.5,0,15:17,15:17,2,Afternoon
KN_20230904_a-direction-2.results_22,whites,False,0.49,0,15:17,15:17,3,Afternoon
KN_20230904_a-direction-2.results_23,bullseye_low_separate,False,0.51,0,15:17,15:17,3,Afternoon
KN_20230904_a-direction-2.results_24,sbc_separate,True,0.5,0,15:17,15:17,8,Afternoon
KN_20230904_a-direction-2.results_25,sbc,False,0.51,0,15:17,15:17,1,Afternoon
KN_20230904_a-direction-2.results_26,checkerboard_separate,False,0.5,1,15:17,15:17,2,Afternoon
KN_20230904_a-direction-2.results_27,sbc_separate,False,0.5,0,15:17,15:17,1,Afternoon
KN_20230904_a-direction-0.results_1,whites,True,0.5,0,15:12,15:12,3,Afternoon
KN_20230904_a-direction-0.results_3,sbc,True,0.49,0,15:12,15:12,2,Afternoon
KN_20230904_a-direction-0.results_5,whites_separate,False,0.51,1,15:12,15:12,4,Afternoon
KN_20230904_a-direction-0.results_7,bullseye_high_freq,False,0.5,0,15:12,15:12,2,Afternoon
KN_20230904_a-direction-0.results_9,checkerboard,False,0.5,0,15:12,15:12,2,Afternoon
KN_20230904_a-direction-0.results_11,sbc_separate,False,0.51,0,15:12,15:12,2,Afternoon
KN_20230904_a-direction-0.results_13,strip,False,0.49,0,15:12,15:12,4,Afternoon
KN_20230904_a-direction-0.results_15,checkerboard,True,0.5,1,15:12,15:12,12,Afternoon
KN_20230904_a-direction-0.results_17,whites_separate,True,0.51,-1,15:13,15:13,24,Afternoon
KN_20230904_a-direction-0.results_19,bullseye_low_separate,False,0.49,-1,15:13,15:13,6,Afternoon
KN_20230904_a-direction-0.results_20,bullseye_high_freq,True,0.5,-1,15:13,15:13,4,Afternoon
KN_20230904_a-direction-0.results_21,bullseye_low_separate,True,0.49,-1,15:13,15:13,4,Afternoon
KN_20230904_a-direction-0.results_22,checkerboard_separate,False,0.51,0,15:13,15:13,7,Afternoon
KN_20230904_a-direction-0.results_23,whites,False,0.5,1,15:13,15:13,4,Afternoon
KN_20230904_a-direction-0.results_24,sbc_separate,True,0.51,0,15:13,15:13,1,Afternoon
KN_20230904_a-direction-0.results_25,sbc,False,0.49,0,15:13,15:13,3,Afternoon
KN_20230904_a-direction-0.results_26,strip,True,0.49,1,15:13,15:14,11,Afternoon
KN_20230904_a-direction-0.results_27,checkerboard_separate,True,0.51,1,15:14,15:14,4,Afternoon
KN_20230904_a-direction-1.results_1,sbc_separate,True,0.49,0,15:14,15:14,3,Afternoon
KN_20230904_a-direction-1.results_3,bullseye_low_separate,False,0.5,0,15:14,15:14,20,Afternoon
KN_20230904_a-direction-1.results_5,whites_separate,True,0.49,-1,15:14,15:15,3,Afternoon
KN_20230904_a-direction-1.results_7,sbc_separate,False,0.49,0,15:15,15:15,2,Afternoon
KN_20230904_a-direction-1.results_9,bullseye_low_separate,True,0.5,1,15:15,15:15,2,Afternoon
KN_20230904_a-direction-1.results_11,whites,True,0.51,-1,15:15,15:15,8,Afternoon
KN_20230904_a-direction-1.results_13,checkerboard,True,0.51,0,15:15,15:15,3,Afternoon
KN_20230904_a-direction-1.results_15,whites_separate,False,0.49,-1,15:15,15:15,6,Afternoon
KN_20230904_a-direction-1.results_17,whites,False,0.51,-1,15:15,15:15,2,Afternoon
KN_20230904_a-direction-1.results_19,bullseye_high_freq,False,0.51,0,15:16,15:16,2,Afternoon
KN_20230904_a-direction-1.results_20,sbc,False,0.5,0,15:16,15:16,1,Afternoon
KN_20230904_a-direction-1.results_21,bullseye_high_freq,True,0.51,0,15:16,15:16,1,Afternoon
KN_20230904_a-direction-1.results_22,sbc,True,0.5,0,15:16,15:16,7,Afternoon
KN_20230904_a-direction-1.results_23,checkerboard_separate,True,0.49,0,15:16,15:16,3,Afternoon
KN_20230904_a-direction-1.results_24,strip,False,0.5,0,15:16,15:16,2,Afternoon
KN_20230904_a-direction-1.results_25,checkerboard_separate,False,0.49,0,15:16,15:16,4,Afternoon
KN_20230904_a-direction-1.results_26,checkerboard,False,0.51,1,15:16,15:16,5,Afternoon
KN_20230904_a-direction-1.results_27,strip,True,0.5,0,15:16,15:16,2,Afternoon
AH_20230904_b-direction-0.results_1,strip,True,0.49,1,17:11,17:11,12,Afternoon
AH_20230904_b-direction-0.results_3,checkerboard,False,0.5,1,17:11,17:11,3,Afternoon
AH_20230904_b-direction-0.results_5,bullseye_low_separate,False,0.49,0,17:11,17:11,3,Afternoon
AH_20230904_b-direction-0.results_7,checkerboard_separate,False,0.51,1,17:11,17:11,2,Afternoon
AH_20230904_b-direction-0.results_9,whites_separate,False,0.51,-1,17:11,17:11,2,Afternoon
AH_20230904_b-direction-0.results_11,sbc,True,0.49,1,17:11,17:11,2,Afternoon
AH_20230904_b-direction-0.results_13,sbc_separate,True,0.51,0,17:12,17:12,3,Afternoon
AH_20230904_b-direction-0.results_15,whites,False,0.5,0,17:12,17:12,5,Afternoon
AH_20230904_b-direction-0.results_17,checkerboard,True,0.5,0,17:12,17:12,7,Afternoon
AH_20230904_b-direction-0.results_19,sbc,False,0.49,0,17:12,17:12,1,Afternoon
AH_20230904_b-direction-0.results_20,whites,True,0.5,0,17:12,17:12,2,Afternoon
AH_20230904_b-direction-0.results_21,bullseye_high_freq,False,0.5,0,17:12,17:12,3,Afternoon
AH_20230904_b-direction-0.results_22,checkerboard_separate,True,0.51,0,17:12,17:12,1,Afternoon
AH_20230904_b-direction-0.results_23,sbc_separate,False,0.51,0,17:12,17:12,6,Afternoon
AH_20230904_b-direction-0.results_24,strip,False,0.49,0,17:12,17:12,1,Afternoon
AH_20230904_b-direction-0.results_25,whites_separate,True,0.51,0,17:12,17:12,1,Afternoon
AH_20230904_b-direction-0.results_26,bullseye_high_freq,True,0.5,0,17:12,17:12,2,Afternoon
AH_20230904_b-direction-0.results_27,bullseye_low_separate,True,0.49,0,17:12,17:12,2,Afternoon
AH_20230904_b-direction-1.results_1,sbc_separate,True,0.49,0,17:12,17:12,1,Afternoon
AH_20230904_b-direction-1.results_3,whites,True,0.51,0,17:12,17:12,4,Afternoon
AH_20230904_b-direction-1.results_5,whites,False,0.51,0,17:12,17:12,1,Afternoon
AH_20230904_b-direction-1.results_7,whites_separate,True,0.49,0,17:12,17:12,3,Afternoon
AH_20230904_b-direction-1.results_9,bullseye_high_freq,False,0.51,0,17:12,17:13,3,Afternoon
AH_20230904_b-direction-1.results_11,bullseye_high_freq,True,0.51,0,17:13,17:13,0,Afternoon
AH_20230904_b-direction-1.results_13,checkerboard,False,0.51,0,17:13,17:13,1,Afternoon
AH_20230904_b-direction-1.results_15,bullseye_low_separate,True,0.5,0,17:13,17:13,2,Afternoon
AH_20230904_b-direction-1.results_17,checkerboard,True,0.51,1,17:13,17:13,3,Afternoon
AH_20230904_b-direction-1.results_19,sbc,True,0.5,0,17:13,17:13,2,Afternoon
AH_20230904_b-direction-1.results_20,sbc_separate,False,0.49,1,17:13,17:13,1,Afternoon
AH_20230904_b-direction-1.results_21,strip,False,0.5,0,17:13,17:13,3,Afternoon
AH_20230904_b-direction-1.results_22,bullseye_low_separate,False,0.5,1,17:13,17:13,2,Afternoon
AH_20230904_b-direction-1.results_23,strip,True,0.5,0,17:13,17:13,3,Afternoon
AH_20230904_b-direction-1.results_24,sbc,False,0.5,1,17:13,17:13,1,Afternoon
AH_20230904_b-direction-1.results_25,checkerboard_separate,True,0.49,0,17:13,17:13,2,Afternoon
AH_20230904_b-direction-1.results_26,checkerboard_separate,False,0.49,0,17:13,17:13,1,Afternoon
AH_20230904_b-direction-1.results_27,whites_separate,False,0.49,0,17:13,17:13,1,Afternoon
AH_20230904_b-direction-2.results_1,checkerboard,True,0.49,0,17:13,17:13,2,Afternoon
AH_20230904_b-direction-2.results_3,sbc,False,0.51,1,17:13,17:13,3,Afternoon
AH_20230904_b-direction-2.results_5,sbc,True,0.51,0,17:13,17:13,6,Afternoon
AH_20230904_b-direction-2.results_7,bullseye_low_separate,True,0.51,1,17:14,17:14,22,Afternoon
AH_20230904_b-direction-2.results_9,checkerboard,False,0.49,0,17:14,17:14,3,Afternoon
AH_20230904_b-direction-2.results_11,whites_separate,True,0.5,-1,17:14,17:14,5,Afternoon
AH_20230904_b-direction-2.results_13,strip,False,0.51,1,17:14,17:14,1,Afternoon
AH_20230904_b-direction-2.results_15,bullseye_low_separate,False,0.51,0,17:14,17:14,2,Afternoon
AH_20230904_b-direction-2.results_17,whites,True,0.49,0,17:14,17:14,1,Afternoon
AH_20230904_b-direction-2.results_19,checkerboard_separate,False,0.5,0,17:14,17:14,6,Afternoon
AH_20230904_b-direction-2.results_20,sbc_separate,True,0.5,0,17:14,17:15,1,Afternoon
AH_20230904_b-direction-2.results_21,whites,False,0.49,0,17:15,17:15,1,Afternoon
AH_20230904_b-direction-2.results_22,checkerboard_separate,True,0.5,1,17:15,17:15,1,Afternoon
AH_20230904_b-direction-2.results_23,sbc_separate,False,0.5,0,17:15,17:15,1,Afternoon
AH_20230904_b-direction-2.results_24,strip,True,0.51,0,17:15,17:15,2,Afternoon
AH_20230904_b-direction-2.results_25,bullseye_high_freq,False,0.49,0,17:15,17:15,8,Afternoon
AH_20230904_b-direction-2.results_26,bullseye_high_freq,True,0.49,1,17:15,17:15,10,Afternoon
AH_20230904_b-direction-2.results_27,whites_separate,False,0.5,0,17:15,17:15,1,Afternoon
MM_20230808_a-direction-1.results_1,bullseye_high_freq,False,0.51,-2,15:14,15:14,4,Afternoon
MM_20230808_a-direction-1.results_3,strip,False,0.5,-2,15:14,15:14,3,Afternoon
MM_20230808_a-direction-1.results_5,bullseye_low_separate,True,0.5,-2,15:14,15:14,4,Afternoon
MM_20230808_a-direction-1.results_7,sbc,False,0.5,-2,15:14,15:14,3,Afternoon
MM_20230808_a-direction-1.results_9,bullseye_low_separate,False,0.5,-2,15:14,15:14,5,Afternoon
MM_20230808_a-direction-1.results_11,bullseye_high_freq,True,0.51,-2,15:14,15:15,5,Afternoon
MM_20230808_a-direction-1.results_13,checkerboard_separate,False,0.49,-2,15:15,15:15,5,Afternoon
MM_20230808_a-direction-1.results_15,whites_separate,True,0.49,-2,15:15,15:15,2,Afternoon
MM_20230808_a-direction-1.results_17,sbc_separate,True,0.49,-2,15:15,15:15,5,Afternoon
MM_20230808_a-direction-1.results_19,checkerboard,False,0.51,-2,15:15,15:15,6,Afternoon
MM_20230808_a-direction-1.results_20,whites,True,0.51,-2,15:15,15:15,4,Afternoon
MM_20230808_a-direction-1.results_21,whites_separate,False,0.49,-2,15:15,15:15,3,Afternoon
MM_20230808_a-direction-1.results_22,sbc,True,0.5,-2,15:15,15:15,4,Afternoon
MM_20230808_a-direction-1.results_23,strip,True,0.5,-1,15:15,15:15,7,Afternoon
MM_20230808_a-direction-1.results_24,whites,False,0.51,-2,15:15,15:15,3,Afternoon
MM_20230808_a-direction-1.results_25,checkerboard_separate,True,0.49,-2,15:15,15:16,9,Afternoon
MM_20230808_a-direction-1.results_26,sbc_separate,False,0.49,-2,15:16,15:16,3,Afternoon
MM_20230808_a-direction-1.results_27,checkerboard,True,0.51,1,15:16,15:16,6,Afternoon
MM_20230808_a-direction-0.results_1,whites_separate,False,0.51,-2,15:11,15:11,6,Afternoon
MM_20230808_a-direction-0.results_3,checkerboard,True,0.5,-2,15:11,15:11,13,Afternoon
MM_20230808_a-direction-0.results_5,sbc,False,0.49,-2,15:12,15:12,3,Afternoon
MM_20230808_a-direction-0.results_7,checkerboard,False,0.5,-1,15:12,15:12,8,Afternoon
MM_20230808_a-direction-0.results_9,strip,True,0.49,-1,15:12,15:12,6,Afternoon
MM_20230808_a-direction-0.results_11,sbc,True,0.49,-2,15:12,15:12,3,Afternoon
MM_20230808_a-direction-0.results_13,sbc_separate,True,0.51,-2,15:12,15:12,3,Afternoon
MM_20230808_a-direction-0.results_15,checkerboard_separate,True,0.51,-2,15:12,15:13,3,Afternoon
MM_20230808_a-direction-0.results_17,whites,False,0.5,-2,15:13,15:13,5,Afternoon
MM_20230808_a-direction-0.results_19,bullseye_high_freq,False,0.5,-2,15:13,15:13,5,Afternoon
MM_20230808_a-direction-0.results_20,sbc_separate,False,0.51,-2,15:13,15:13,5,Afternoon
MM_20230808_a-direction-0.results_21,whites,True,0.5,-2,15:13,15:13,3,Afternoon
MM_20230808_a-direction-0.results_22,strip,False,0.49,-2,15:13,15:13,7,Afternoon
MM_20230808_a-direction-0.results_23,whites_separate,True,0.51,-2,15:13,15:13,4,Afternoon
MM_20230808_a-direction-0.results_24,checkerboard_separate,False,0.51,-2,15:13,15:13,3,Afternoon
MM_20230808_a-direction-0.results_25,bullseye_low_separate,False,0.49,-2,15:13,15:13,3,Afternoon
MM_20230808_a-direction-0.results_26,bullseye_low_separate,True,0.49,-2,15:13,15:13,4,Afternoon
MM_20230808_a-direction-0.results_27,bullseye_high_freq,True,0.5,-2,15:13,15:14,5,Afternoon
MM_20230808_a-direction-2.results_1,checkerboard_separate,False,0.5,-2,15:16,15:16,3,Afternoon
MM_20230808_a-direction-2.results_3,sbc_separate,False,0.5,-2,15:16,15:16,2,Afternoon
MM_20230808_a-direction-2.results_5,whites_separate,False,0.5,-2,15:16,15:16,3,Afternoon
MM_20230808_a-direction-2.results_7,bullseye_low_separate,False,0.51,-2,15:16,15:16,3,Afternoon
MM_20230808_a-direction-2.results_9,checkerboard_separate,True,0.5,-2,15:16,15:16,4,Afternoon
MM_20230808_a-direction-2.results_11,whites,False,0.49,-2,15:16,15:16,2,Afternoon
MM_20230808_a-direction-2.results_13,sbc,False,0.51,-2,15:17,15:17,4,Afternoon
MM_20230808_a-direction-2.results_15,checkerboard,False,0.49,-1,15:17,15:17,11,Afternoon
MM_20230808_a-direction-2.results_17,strip,False,0.51,-1,15:17,15:17,6,Afternoon
MM_20230808_a-direction-2.results_19,bullseye_low_separate,True,0.51,-1,15:17,15:17,3,Afternoon
MM_20230808_a-direction-2.results_20,sbc,True,0.51,-2,15:17,15:17,3,Afternoon
MM_20230808_a-direction-2.results_21,bullseye_high_freq,True,0.49,-2,15:17,15:17,10,Afternoon
MM_20230808_a-direction-2.results_22,whites_separate,True,0.5,-2,15:17,15:17,3,Afternoon
MM_20230808_a-direction-2.results_23,bullseye_high_freq,False,0.49,-2,15:17,15:17,3,Afternoon
MM_20230808_a-direction-2.results_24,sbc_separate,True,0.5,-2,15:17,15:17,4,Afternoon
MM_20230808_a-direction-2.results_25,strip,True,0.51,-1,15:17,15:18,5,Afternoon
MM_20230808_a-direction-2.results_26,whites,True,0.49,-2,15:18,15:18,3,Afternoon
MM_20230808_a-direction-2.results_27,checkerboard,True,0.49,0,15:18,15:18,7,Afternoon
DC_20230811_a-direction-0.results_1,whites,False,0.5,-2,16:43,16:43,27,Afternoon
DC_20230811_a-direction-0.results_3,checkerboard,True,0.5,0,16:44,16:44,19,Afternoon
DC_20230811_a-direction-0.results_5,bullseye_high_freq,True,0.5,0,16:44,16:44,13,Afternoon
DC_20230811_a-direction-0.results_7,whites_separate,False,0.51,-2,16:44,16:44,3,Afternoon
DC_20230811_a-direction-0.results_9,whites,True,0.5,-1,16:44,16:45,10,Afternoon
DC_20230811_a-direction-0.results_11,sbc,True,0.49,0,16:45,16:45,4,Afternoon
DC_20230811_a-direction-0.results_13,sbc,False,0.49,0,16:45,16:45,5,Afternoon
DC_20230811_a-direction-0.results_15,strip,True,0.49,-2,16:45,16:45,3,Afternoon
DC_20230811_a-direction-0.results_17,bullseye_high_freq,False,0.5,0,16:45,16:45,8,Afternoon
DC_20230811_a-direction-0.results_19,bullseye_low_separate,True,0.49,0,16:45,16:46,8,Afternoon
DC_20230811_a-direction-0.results_20,whites_separate,True,0.51,-1,16:46,16:46,3,Afternoon
DC_20230811_a-direction-0.results_21,checkerboard_separate,True,0.51,0,16:46,16:46,8,Afternoon
DC_20230811_a-direction-0.results_22,checkerboard,False,0.5,1,16:46,16:46,4,Afternoon
DC_20230811_a-direction-0.results_23,sbc_separate,True,0.51,0,16:46,16:46,9,Afternoon
DC_20230811_a-direction-0.results_24,bullseye_low_separate,False,0.49,0,16:46,16:46,4,Afternoon
DC_20230811_a-direction-0.results_25,checkerboard_separate,False,0.51,0,16:46,16:46,8,Afternoon
DC_20230811_a-direction-0.results_26,strip,False,0.49,2,16:46,16:46,3,Afternoon
DC_20230811_a-direction-0.results_27,sbc_separate,False,0.51,0,16:46,16:46,9,Afternoon
DC_20230811_a-direction-2.results_1,strip,True,0.51,2,16:49,16:49,1,Afternoon
DC_20230811_a-direction-2.results_3,checkerboard_separate,True,0.5,0,16:49,16:49,6,Afternoon
DC_20230811_a-direction-2.results_5,checkerboard,True,0.49,0,16:49,16:49,5,Afternoon
DC_20230811_a-direction-2.results_7,whites,True,0.49,-1,16:49,16:49,11,Afternoon
DC_20230811_a-direction-2.results_9,checkerboard_separate,False,0.5,0,16:49,16:49,3,Afternoon
DC_20230811_a-direction-2.results_11,checkerboard,False,0.49,1,16:50,16:50,9,Afternoon
DC_20230811_a-direction-2.results_13,bullseye_low_separate,True,0.51,0,16:50,16:50,12,Afternoon
DC_20230811_a-direction-2.results_15,sbc,True,0.51,0,16:50,16:50,3,Afternoon
DC_20230811_a-direction-2.results_17,bullseye_low_separate,False,0.51,0,16:50,16:50,3,Afternoon
DC_20230811_a-direction-2.results_19,whites,False,0.49,-2,16:50,16:50,3,Afternoon
DC_20230811_a-direction-2.results_20,bullseye_high_freq,False,0.49,0,16:50,16:50,5,Afternoon
DC_20230811_a-direction-2.results_21,bullseye_high_freq,True,0.49,0,16:50,16:51,3,Afternoon
DC_20230811_a-direction-2.results_22,whites_separate,True,0.5,-2,16:51,16:51,2,Afternoon
DC_20230811_a-direction-2.results_23,whites_separate,False,0.5,-2,16:51,16:51,2,Afternoon
DC_20230811_a-direction-2.results_24,sbc,False,0.51,0,16:51,16:51,1,Afternoon
DC_20230811_a-direction-2.results_25,strip,False,0.51,2,16:51,16:51,5,Afternoon
DC_20230811_a-direction-2.results_26,sbc_separate,True,0.5,0,16:51,16:51,2,Afternoon
DC_20230811_a-direction-2.results_27,sbc_separate,False,0.5,0,16:51,16:51,2,Afternoon
DC_20230811_a-direction-1.results_1,strip,True,0.5,2,16:47,16:47,3,Afternoon
DC_20230811_a-direction-1.results_3,bullseye_high_freq,False,0.51,1,16:47,16:47,5,Afternoon
DC_20230811_a-direction-1.results_5,bullseye_low_separate,True,0.5,0,16:47,16:47,2,Afternoon
DC_20230811_a-direction-1.results_7,whites,False,0.51,-1,16:47,16:47,3,Afternoon
DC_20230811_a-direction-1.results_9,sbc,False,0.5,0,16:47,16:47,2,Afternoon
DC_20230811_a-direction-1.results_11,whites_separate,False,0.49,-2,16:47,16:48,2,Afternoon
DC_20230811_a-direction-1.results_13,bullseye_high_freq,True,0.51,0,16:48,16:48,7,Afternoon
DC_20230811_a-direction-1.results_15,whites,True,0.51,-2,16:48,16:48,4,Afternoon
DC_20230811_a-direction-1.results_17,checkerboard_separate,False,0.49,0,16:48,16:48,7,Afternoon
DC_20230811_a-direction-1.results_19,checkerboard,True,0.51,1,16:48,16:48,2,Afternoon
DC_20230811_a-direction-1.results_20,strip,False,0.5,2,16:48,16:48,2,Afternoon
DC_20230811_a-direction-1.results_21,whites_separate,True,0.49,-2,16:48,16:48,1,Afternoon
DC_20230811_a-direction-1.results_22,bullseye_low_separate,False,0.5,0,16:48,16:48,4,Afternoon
DC_20230811_a-direction-1.results_23,sbc_separate,True,0.49,0,16:48,16:48,6,Afternoon
DC_20230811_a-direction-1.results_24,sbc,True,0.5,0,16:48,16:48,8,Afternoon
DC_20230811_a-direction-1.results_25,checkerboard_separate,True,0.49,0,16:48,16:48,3,Afternoon
DC_20230811_a-direction-1.results_26,sbc_separate,False,0.49,0,16:48,16:49,8,Afternoon
DC_20230811_a-direction-1.results_27,checkerboard,False,0.51,2,16:49,16:49,2,Afternoon
GE_20230904_a-direction-2.results_1,sbc,True,0.51,0,19:41,19:41,1,Evening
GE_20230904_a-direction-2.results_3,whites,False,0.49,0,19:41,19:41,2,Evening
GE_20230904_a-direction-2.results_5,whites,True,0.49,0,19:41,19:41,5,Evening
GE_20230904_a-direction-2.results_7,whites_separate,True,0.5,0,19:41,19:41,2,Evening
GE_20230904_a-direction-2.results_9,bullseye_high_freq,True,0.49,1,19:41,19:41,2,Evening
GE_20230904_a-direction-2.results_11,sbc,False,0.51,1,19:41,19:41,10,Evening
GE_20230904_a-direction-2.results_13,sbc_separate,True,0.5,1,19:42,19:42,8,Evening
GE_20230904_a-direction-2.results_15,checkerboard_separate,False,0.5,1,19:42,19:42,2,Evening
GE_20230904_a-direction-2.results_17,bullseye_low_separate,True,0.51,1,19:42,19:42,12,Evening
GE_20230904_a-direction-2.results_19,bullseye_low_separate,False,0.51,1,19:43,19:43,10,Evening
GE_20230904_a-direction-2.results_20,strip,True,0.51,2,19:43,19:43,7,Evening
GE_20230904_a-direction-2.results_21,bullseye_high_freq,False,0.49,2,19:43,19:43,9,Evening
GE_20230904_a-direction-2.results_22,strip,False,0.51,1,19:43,19:43,4,Evening
GE_20230904_a-direction-2.results_23,sbc_separate,False,0.5,0,19:43,19:43,2,Evening
GE_20230904_a-direction-2.results_24,checkerboard_separate,True,0.5,0,19:43,19:43,5,Evening
GE_20230904_a-direction-2.results_25,checkerboard,False,0.49,1,19:43,19:43,3,Evening
GE_20230904_a-direction-2.results_26,checkerboard,True,0.49,-1,19:43,19:43,11,Evening
GE_20230904_a-direction-2.results_27,whites_separate,False,0.5,-1,19:43,19:44,10,Evening
GE_20230904_a-direction-0.results_1,checkerboard_separate,True,0.51,1,19:36,19:37,22,Evening
GE_20230904_a-direction-0.results_3,sbc_separate,True,0.51,0,19:37,19:37,3,Evening
GE_20230904_a-direction-0.results_5,whites,False,0.5,0,19:37,19:37,2,Evening
GE_20230904_a-direction-0.results_7,checkerboard_separate,False,0.51,0,19:37,19:37,5,Evening
GE_20230904_a-direction-0.results_9,strip,False,0.49,1,19:37,19:38,14,Evening
GE_20230904_a-direction-0.results_11,whites,True,0.5,-1,19:38,19:38,2,Evening
GE_20230904_a-direction-0.results_13,bullseye_low_separate,True,0.49,0,19:38,19:38,3,Evening
GE_20230904_a-direction-0.results_15,sbc_separate,False,0.51,0,19:38,19:38,1,Evening
GE_20230904_a-direction-0.results_17,sbc,False,0.49,0,19:38,19:38,7,Evening
GE_20230904_a-direction-0.results_19,bullseye_high_freq,True,0.5,1,19:38,19:38,4,Evening
GE_20230904_a-direction-0.results_20,sbc,True,0.49,0,19:38,19:38,4,Evening
GE_20230904_a-direction-0.results_21,bullseye_low_separate,False,0.49,2,19:38,19:38,5,Evening
GE_20230904_a-direction-0.results_22,checkerboard,False,0.5,2,19:38,19:38,5,Evening
GE_20230904_a-direction-0.results_23,bullseye_high_freq,False,0.5,1,19:38,19:39,7,Evening
GE_20230904_a-direction-0.results_24,whites_separate,True,0.51,0,19:39,19:39,3,Evening
GE_20230904_a-direction-0.results_25,strip,True,0.49,2,19:39,19:39,5,Evening
GE_20230904_a-direction-0.results_26,checkerboard,True,0.5,-2,19:39,19:39,5,Evening
GE_20230904_a-direction-0.results_27,whites_separate,False,0.51,-1,19:39,19:39,3,Evening
GE_20230904_a-direction-1.results_1,whites,True,0.51,2,19:39,19:39,2,Evening
GE_20230904_a-direction-1.results_3,checkerboard_separate,False,0.49,0,19:39,19:39,1,Evening
GE_20230904_a-direction-1.results_5,bullseye_low_separate,True,0.5,1,19:39,19:39,6,Evening
GE_20230904_a-direction-1.results_7,strip,True,0.5,2,19:39,19:39,3,Evening
GE_20230904_a-direction-1.results_9,bullseye_high_freq,True,0.51,2,19:39,19:39,8,Evening
GE_20230904_a-direction-1.results_11,checkerboard,True,0.51,2,19:40,19:40,2,Evening
GE_20230904_a-direction-1.results_13,sbc,True,0.5,0,19:40,19:40,10,Evening
GE_20230904_a-direction-1.results_15,checkerboard,False,0.51,2,19:40,19:40,4,Evening
GE_20230904_a-direction-1.results_17,strip,False,0.5,1,19:40,19:40,3,Evening
GE_20230904_a-direction-1.results_19,whites,False,0.51,0,19:40,19:40,1,Evening
GE_20230904_a-direction-1.results_20,sbc,False,0.5,0,19:40,19:40,2,Evening
GE_20230904_a-direction-1.results_21,sbc_separate,True,0.49,0,19:40,19:40,1,Evening
GE_20230904_a-direction-1.results_22,bullseye_high_freq,False,0.51,1,19:40,19:40,9,Evening
GE_20230904_a-direction-1.results_23,bullseye_low_separate,False,0.5,1,19:40,19:40,2,Evening
GE_20230904_a-direction-1.results_24,sbc_separate,False,0.49,1,19:40,19:41,5,Evening
GE_20230904_a-direction-1.results_25,whites_separate,False,0.49,-1,19:41,19:41,6,Evening
GE_20230904_a-direction-1.results_26,checkerboard_separate,True,0.49,0,19:41,19:41,3,Evening
GE_20230904_a-direction-1.results_27,whites_separate,True,0.49,0,19:41,19:41,6,Evening
SP_20230817_b-direction-1.results_1,checkerboard,False,0.51,-1,19:24,19:24,3,Evening
SP_20230817_b-direction-1.results_3,sbc,True,0.5,0,19:24,19:24,2,Evening
SP_20230817_b-direction-1.results_5,whites_separate,True,0.49,1,19:24,19:24,1,Evening
SP_20230817_b-direction-1.results_7,checkerboard,True,0.51,-1,19:24,19:24,2,Evening
SP_20230817_b-direction-1.results_9,strip,True,0.5,-1,19:24,19:24,1,Evening
SP_20230817_b-direction-1.results_11,bullseye_high_freq,True,0.51,0,19:24,19:24,2,Evening
SP_20230817_b-direction-1.results_13,whites,False,0.51,0,19:24,19:24,1,Evening
SP_20230817_b-direction-1.results_15,bullseye_low_separate,False,0.5,0,19:24,19:24,2,Evening
SP_20230817_b-direction-1.results_17,checkerboard_separate,True,0.49,-1,19:24,19:24,2,Evening
SP_20230817_b-direction-1.results_19,checkerboard_separate,False,0.49,0,19:24,19:24,2,Evening
SP_20230817_b-direction-1.results_20,sbc_separate,True,0.49,0,19:24,19:24,2,Evening
SP_20230817_b-direction-1.results_21,bullseye_high_freq,False,0.51,-1,19:24,19:24,1,Evening
SP_20230817_b-direction-1.results_22,bullseye_low_separate,True,0.5,-1,19:24,19:24,2,Evening
SP_20230817_b-direction-1.results_23,strip,False,0.5,-1,19:24,19:24,3,Evening
SP_20230817_b-direction-1.results_24,sbc_separate,False,0.49,1,19:24,19:25,2,Evening
SP_20230817_b-direction-1.results_25,whites_separate,False,0.49,1,19:25,19:25,1,Evening
SP_20230817_b-direction-1.results_26,whites,True,0.51,-1,19:25,19:25,1,Evening
SP_20230817_b-direction-1.results_27,sbc,False,0.5,1,19:25,19:25,3,Evening
SP_20230817_b-direction-0.results_1,bullseye_high_freq,False,0.5,0,19:23,19:23,2,Evening
SP_20230817_b-direction-0.results_3,checkerboard_separate,False,0.51,-1,19:23,19:23,5,Evening
SP_20230817_b-direction-0.results_5,whites_separate,True,0.51,1,19:23,19:23,2,Evening
SP_20230817_b-direction-0.results_7,sbc,False,0.49,0,19:23,19:23,2,Evening
SP_20230817_b-direction-0.results_9,whites_separate,False,0.51,1,19:23,19:23,2,Evening
SP_20230817_b-direction-0.results_11,strip,True,0.49,-1,19:23,19:23,3,Evening
SP_20230817_b-direction-0.results_13,sbc,True,0.49,0,19:23,19:23,2,Evening
SP_20230817_b-direction-0.results_15,sbc_separate,True,0.51,0,19:23,19:23,1,Evening
SP_20230817_b-direction-0.results_17,checkerboard,True,0.5,-1,19:23,19:23,5,Evening
SP_20230817_b-direction-0.results_19,sbc_separate,False,0.51,0,19:23,19:23,2,Evening
SP_20230817_b-direction-0.results_20,checkerboard,False,0.5,-2,19:23,19:23,2,Evening
SP_20230817_b-direction-0.results_21,bullseye_high_freq,True,0.5,-1,19:23,19:23,1,Evening
SP_20230817_b-direction-0.results_22,bullseye_low_separate,True,0.49,0,19:23,19:23,3,Evening
SP_20230817_b-direction-0.results_23,checkerboard_separate,True,0.51,-1,19:23,19:24,3,Evening
SP_20230817_b-direction-0.results_24,whites,False,0.5,1,19:24,19:24,4,Evening
SP_20230817_b-direction-0.results_25,strip,False,0.49,-1,19:24,19:24,3,Evening
SP_20230817_b-direction-0.results_26,bullseye_low_separate,False,0.49,-1,19:24,19:24,4,Evening
SP_20230817_b-direction-0.results_27,whites,True,0.5,1,19:24,19:24,2,Evening
SP_20230817_b-direction-2.results_1,sbc_separate,True,0.5,1,19:25,19:25,3,Evening
SP_20230817_b-direction-2.results_3,whites,True,0.49,-1,19:25,19:25,2,Evening
SP_20230817_b-direction-2.results_5,whites,False,0.49,1,19:25,19:25,2,Evening
SP_20230817_b-direction-2.results_7,checkerboard_separate,True,0.5,-1,19:25,19:25,3,Evening
SP_20230817_b-direction-2.results_9,strip,True,0.51,-1,19:25,19:25,3,Evening
SP_20230817_b-direction-2.results_11,checkerboard,True,0.49,-1,19:25,19:25,3,Evening
SP_20230817_b-direction-2.results_13,sbc_separate,False,0.5,1,19:25,19:25,3,Evening
SP_20230817_b-direction-2.results_15,bullseye_high_freq,False,0.49,-1,19:25,19:25,2,Evening
SP_20230817_b-direction-2.results_17,sbc,False,0.51,1,19:25,19:25,3,Evening
SP_20230817_b-direction-2.results_19,checkerboard,False,0.49,-2,19:25,19:25,2,Evening
SP_20230817_b-direction-2.results_20,checkerboard_separate,False,0.5,-1,19:25,19:25,2,Evening
SP_20230817_b-direction-2.results_21,bullseye_high_freq,True,0.49,0,19:25,19:25,3,Evening
SP_20230817_b-direction-2.results_22,whites_separate,True,0.5,1,19:25,19:25,1,Evening
SP_20230817_b-direction-2.results_23,sbc,True,0.51,0,19:25,19:25,2,Evening
SP_20230817_b-direction-2.results_24,bullseye_low_separate,False,0.51,1,19:25,19:25,1,Evening
SP_20230817_b-direction-2.results_25,whites_separate,False,0.5,1,19:25,19:25,2,Evening
SP_20230817_b-direction-2.results_26,bullseye_low_separate,True,0.51,0,19:25,19:26,2,Evening
SP_20230817_b-direction-2.results_27,strip,False,0.51,-2,19:26,19:26,3,Evening
MO_20230817_b-direction-2.results_1,sbc_separate,True,0.5,-2,20:03,20:03,3,Evening
MO_20230817_b-direction-2.results_3,checkerboard_separate,False,0.5,2,20:03,20:03,5,Evening
MO_20230817_b-direction-2.results_5,whites,False,0.49,-2,20:03,20:03,3,Evening
MO_20230817_b-direction-2.results_7,checkerboard,True,0.49,2,20:03,20:03,3,Evening
MO_20230817_b-direction-2.results_9,bullseye_low_separate,False,0.51,-2,20:03,20:03,5,Evening
MO_20230817_b-direction-2.results_11,bullseye_low_separate,True,0.51,2,20:03,20:03,2,Evening
MO_20230817_b-direction-2.results_13,strip,False,0.51,2,20:03,20:03,3,Evening
MO_20230817_b-direction-2.results_15,checkerboard_separate,True,0.5,2,20:03,20:03,1,Evening
MO_20230817_b-direction-2.results_17,whites_separate,True,0.5,-2,20:03,20:03,3,Evening
MO_20230817_b-direction-2.results_19,sbc,True,0.51,-2,20:04,20:04,7,Evening
MO_20230817_b-direction-2.results_20,whites,True,0.49,2,20:04,20:04,4,Evening
MO_20230817_b-direction-2.results_21,whites_separate,False,0.5,-2,20:04,20:04,2,Evening
MO_20230817_b-direction-2.results_22,sbc,False,0.51,-2,20:04,20:04,3,Evening
MO_20230817_b-direction-2.results_23,bullseye_high_freq,True,0.49,2,20:04,20:04,1,Evening
MO_20230817_b-direction-2.results_24,checkerboard,False,0.49,2,20:04,20:04,2,Evening
MO_20230817_b-direction-2.results_25,sbc_separate,False,0.5,-2,20:04,20:04,3,Evening
MO_20230817_b-direction-2.results_26,strip,True,0.51,2,20:04,20:04,3,Evening
MO_20230817_b-direction-2.results_27,bullseye_high_freq,False,0.49,2,20:04,20:04,2,Evening
MO_20230817_b-direction-0.results_1,whites_separate,False,0.51,-2,19:55,19:56,13,Evening
MO_20230817_b-direction-0.results_3,sbc_separate,True,0.51,-2,19:56,19:56,8,Evening
MO_20230817_b-direction-0.results_5,whites_separate,True,0.51,-2,19:56,19:56,29,Evening
MO_20230817_b-direction-0.results_7,checkerboard_separate,True,0.51,2,19:57,19:57,4,Evening
MO_20230817_b-direction-0.results_9,sbc,True,0.49,-2,19:57,19:58,65,Evening
MO_20230817_b-direction-0.results_11,whites,False,0.5,-2,19:58,19:58,7,Evening
MO_20230817_b-direction-0.results_13,bullseye_high_freq,False,0.5,2,19:58,19:58,8,Evening
MO_20230817_b-direction-0.results_15,checkerboard,True,0.5,2,19:58,19:58,5,Evening
MO_20230817_b-direction-0.results_17,checkerboard_separate,False,0.51,2,19:58,19:58,4,Evening
MO_20230817_b-direction-0.results_19,sbc_separate,False,0.51,-2,19:58,19:58,3,Evening
MO_20230817_b-direction-0.results_20,checkerboard,False,0.5,2,19:58,19:58,2,Evening
MO_20230817_b-direction-0.results_21,sbc,False,0.49,-2,19:58,19:59,3,Evening
MO_20230817_b-direction-0.results_22,whites,True,0.5,2,19:59,19:59,2,Evening
MO_20230817_b-direction-0.results_23,bullseye_low_separate,False,0.49,2,19:59,19:59,1,Evening
MO_20230817_b-direction-0.results_24,bullseye_high_freq,True,0.5,2,19:59,19:59,2,Evening
MO_20230817_b-direction-0.results_25,bullseye_low_separate,True,0.49,2,19:59,19:59,1,Evening
MO_20230817_b-direction-0.results_26,strip,False,0.49,2,19:59,19:59,2,Evening
MO_20230817_b-direction-0.results_27,strip,True,0.49,2,19:59,19:59,1,Evening
MO_20230817_b-direction-1.results_1,checkerboard,True,0.51,2,19:59,19:59,1,Evening
MO_20230817_b-direction-1.results_3,bullseye_low_separate,False,0.5,2,19:59,20:00,88,Evening
MO_20230817_b-direction-1.results_5,bullseye_low_separate,True,0.5,2,20:00,20:00,3,Evening
MO_20230817_b-direction-1.results_7,checkerboard,False,0.51,2,20:00,20:00,2,Evening
MO_20230817_b-direction-1.results_9,sbc,True,0.5,-2,20:00,20:00,6,Evening
MO_20230817_b-direction-1.results_11,sbc,False,0.5,-2,20:01,20:01,3,Evening
MO_20230817_b-direction-1.results_13,bullseye_high_freq,True,0.51,2,20:01,20:01,2,Evening
MO_20230817_b-direction-1.results_15,whites_separate,True,0.49,-2,20:01,20:01,6,Evening
MO_20230817_b-direction-1.results_17,sbc_separate,False,0.49,-2,20:01,20:01,6,Evening
MO_20230817_b-direction-1.results_19,bullseye_high_freq,False,0.51,2,20:01,20:01,1,Evening
MO_20230817_b-direction-1.results_20,whites,True,0.51,-2,20:01,20:01,2,Evening
MO_20230817_b-direction-1.results_21,whites,False,0.51,-2,20:01,20:01,4,Evening
MO_20230817_b-direction-1.results_22,sbc_separate,True,0.49,-2,20:01,20:02,40,Evening
MO_20230817_b-direction-1.results_23,checkerboard_separate,True,0.49,2,20:02,20:02,6,Evening
MO_20230817_b-direction-1.results_24,whites_separate,False,0.49,-2,20:02,20:02,2,Evening
MO_20230817_b-direction-1.results_25,strip,False,0.5,1,20:02,20:02,1,Evening
MO_20230817_b-direction-1.results_26,checkerboard_separate,False,0.49,2,20:02,20:02,28,Evening
MO_20230817_b-direction-1.results_27,strip,True,0.5,1,20:02,20:03,3,Evening
AR_20230904_a-direction-2.results_1,bullseye_high_freq,True,0.49,1,18:27,18:27,1,Evening
AR_20230904_a-direction-2.results_3,sbc,False,0.51,-1,18:27,18:27,1,Evening
AR_20230904_a-direction-2.results_5,whites,False,0.49,1,18:27,18:27,5,Evening
AR_20230904_a-direction-2.results_7,checkerboard_separate,True,0.5,1,18:27,18:27,1,Evening
AR_20230904_a-direction-2.results_9,checkerboard,False,0.49,1,18:27,18:27,1,Evening
AR_20230904_a-direction-2.results_11,whites_separate,False,0.5,-1,18:27,18:28,2,Evening
AR_20230904_a-direction-2.results_13,whites,True,0.49,-1,18:28,18:28,2,Evening
AR_20230904_a-direction-2.results_15,sbc_separate,True,0.5,-1,18:28,18:28,2,Evening
AR_20230904_a-direction-2.results_17,whites_separate,True,0.5,-1,18:28,18:28,1,Evening
AR_20230904_a-direction-2.results_19,bullseye_high_freq,False,0.49,1,18:28,18:28,2,Evening
AR_20230904_a-direction-2.results_20,strip,False,0.51,1,18:28,18:28,1,Evening
AR_20230904_a-direction-2.results_21,checkerboard_separate,False,0.5,1,18:28,18:28,1,Evening
AR_20230904_a-direction-2.results_22,checkerboard,True,0.49,1,18:28,18:28,2,Evening
AR_20230904_a-direction-2.results_23,bullseye_low_separate,False,0.51,1,18:28,18:28,3,Evening
AR_20230904_a-direction-2.results_24,sbc,True,0.51,-1,18:28,18:28,7,Evening
AR_20230904_a-direction-2.results_25,sbc_separate,False,0.5,0,18:28,18:28,4,Evening
AR_20230904_a-direction-2.results_26,bullseye_low_separate,True,0.51,1,18:28,18:28,1,Evening
AR_20230904_a-direction-2.results_27,strip,True,0.51,1,18:28,18:28,2,Evening
AR_20230904_a-direction-1.results_1,bullseye_low_separate,True,0.5,1,18:25,18:25,4,Evening
AR_20230904_a-direction-1.results_3,bullseye_high_freq,True,0.51,-1,18:25,18:25,8,Evening
AR_20230904_a-direction-1.results_5,whites,False,0.51,-1,18:25,18:25,15,Evening
AR_20230904_a-direction-1.results_7,whites,True,0.51,-1,18:26,18:26,1,Evening
AR_20230904_a-direction-1.results_9,whites_separate,False,0.49,-1,18:26,18:26,2,Evening
AR_20230904_a-direction-1.results_11,checkerboard,False,0.51,1,18:26,18:26,3,Evening
AR_20230904_a-direction-1.results_13,bullseye_low_separate,False,0.5,1,18:26,18:26,1,Evening
AR_20230904_a-direction-1.results_15,checkerboard_separate,False,0.49,1,18:26,18:26,4,Evening
AR_20230904_a-direction-1.results_17,sbc_separate,False,0.49,1,18:26,18:26,2,Evening
AR_20230904_a-direction-1.results_19,sbc_separate,True,0.49,1,18:26,18:26,2,Evening
AR_20230904_a-direction-1.results_20,bullseye_high_freq,False,0.51,1,18:26,18:26,2,Evening
AR_20230904_a-direction-1.results_21,checkerboard,True,0.51,1,18:26,18:26,2,Evening
AR_20230904_a-direction-1.results_22,strip,False,0.5,1,18:26,18:26,2,Evening
AR_20230904_a-direction-1.results_23,strip,True,0.5,1,18:26,18:26,1,Evening
AR_20230904_a-direction-1.results_24,sbc,False,0.5,-1,18:26,18:26,3,Evening
AR_20230904_a-direction-1.results_25,checkerboard_separate,True,0.49,1,18:26,18:26,2,Evening
AR_20230904_a-direction-1.results_26,whites_separate,True,0.49,-1,18:26,18:26,2,Evening
AR_20230904_a-direction-1.results_27,sbc,True,0.5,1,18:26,18:26,3,Evening
AR_20230904_a-direction-0.results_1,whites_separate,False,0.51,-1,18:22,18:22,5,Evening
AR_20230904_a-direction-0.results_3,whites_separate,True,0.51,-1,18:22,18:22,2,Evening
AR_20230904_a-direction-0.results_5,sbc,True,0.49,-1,18:22,18:22,11,Evening
AR_20230904_a-direction-0.results_7,checkerboard_separate,True,0.51,0,18:22,18:23,5,Evening
AR_20230904_a-direction-0.results_9,whites,True,0.5,-1,18:23,18:23,6,Evening
AR_20230904_a-direction-0.results_11,checkerboard_separate,False,0.51,1,18:23,18:23,3,Evening
AR_20230904_a-direction-0.results_13,strip,True,0.49,1,18:23,18:23,5,Evening
AR_20230904_a-direction-0.results_15,sbc_separate,False,0.51,-1,18:23,18:24,33,Evening
AR_20230904_a-direction-0.results_17,checkerboard,True,0.5,1,18:24,18:24,2,Evening
AR_20230904_a-direction-0.results_19,bullseye_high_freq,False,0.5,1,18:24,18:24,3,Evening
AR_20230904_a-direction-0.results_20,checkerboard,False,0.5,1,18:24,18:24,2,Evening
AR_20230904_a-direction-0.results_21,bullseye_low_separate,False,0.49,1,18:24,18:24,2,Evening
AR_20230904_a-direction-0.results_22,whites,False,0.5,-1,18:24,18:24,13,Evening
AR_20230904_a-direction-0.results_23,strip,False,0.49,1,18:24,18:24,2,Evening
AR_20230904_a-direction-0.results_24,sbc,False,0.49,1,18:24,18:24,5,Evening
AR_20230904_a-direction-0.results_25,bullseye_low_separate,True,0.49,1,18:24,18:24,7,Evening
AR_20230904_a-direction-0.results_26,bullseye_high_freq,True,0.5,1,18:24,18:24,3,Evening
AR_20230904_a-direction-0.results_27,sbc_separate,True,0.51,1,18:24,18:25,4,Evening
KP_20230904_a-direction-2.results_1,sbc,True,0.51,2,15:34,15:35,2,Afternoon
KP_20230904_a-direction-2.results_3,whites_separate,False,0.5,2,15:35,15:35,3,Afternoon
KP_20230904_a-direction-2.results_5,bullseye_low_separate,False,0.51,-2,15:35,15:35,4,Afternoon
KP_20230904_a-direction-2.results_7,sbc,False,0.51,-2,15:35,15:35,2,Afternoon
KP_20230904_a-direction-2.results_9,strip,False,0.51,2,15:35,15:35,3,Afternoon
KP_20230904_a-direction-2.results_11,checkerboard,True,0.49,-2,15:35,15:35,2,Afternoon
KP_20230904_a-direction-2.results_13,checkerboard,False,0.49,-2,15:35,15:35,1,Afternoon
KP_20230904_a-direction-2.results_15,sbc_separate,False,0.5,-2,15:35,15:35,2,Afternoon
KP_20230904_a-direction-2.results_17,bullseye_high_freq,True,0.49,-2,15:35,15:35,1,Afternoon
KP_20230904_a-direction-2.results_19,checkerboard_separate,False,0.5,-2,15:35,15:35,3,Afternoon
KP_20230904_a-direction-2.results_20,bullseye_low_separate,True,0.51,-2,15:35,15:35,5,Afternoon
KP_20230904_a-direction-2.results_21,whites,True,0.49,2,15:35,15:35,2,Afternoon
KP_20230904_a-direction-2.results_22,bullseye_high_freq,False,0.49,-2,15:35,15:35,1,Afternoon
KP_20230904_a-direction-2.results_23,checkerboard_separate,True,0.5,2,15:35,15:35,4,Afternoon
KP_20230904_a-direction-2.results_24,sbc_separate,True,0.5,-2,15:35,15:36,5,Afternoon
KP_20230904_a-direction-2.results_25,whites_separate,True,0.5,2,15:36,15:36,2,Afternoon
KP_20230904_a-direction-2.results_26,strip,True,0.51,-2,15:36,15:36,2,Afternoon
KP_20230904_a-direction-2.results_27,whites,False,0.49,-2,15:36,15:36,1,Afternoon
KP_20230904_a-direction-1.results_1,bullseye_high_freq,True,0.51,-2,15:32,15:33,8,Afternoon
KP_20230904_a-direction-1.results_3,strip,False,0.5,2,15:33,15:33,5,Afternoon
KP_20230904_a-direction-1.results_5,whites_separate,False,0.49,-2,15:33,15:33,11,Afternoon
KP_20230904_a-direction-1.results_7,sbc,False,0.5,1,15:33,15:33,5,Afternoon
KP_20230904_a-direction-1.results_9,whites,True,0.51,2,15:33,15:33,3,Afternoon
KP_20230904_a-direction-1.results_11,sbc_separate,True,0.49,2,15:33,15:33,5,Afternoon
KP_20230904_a-direction-1.results_13,sbc,True,0.5,2,15:33,15:33,7,Afternoon
KP_20230904_a-direction-1.results_15,checkerboard_separate,False,0.49,2,15:34,15:34,6,Afternoon
KP_20230904_a-direction-1.results_17,sbc_separate,False,0.49,2,15:34,15:34,5,Afternoon
KP_20230904_a-direction-1.results_19,bullseye_low_separate,True,0.5,1,15:34,15:34,4,Afternoon
KP_20230904_a-direction-1.results_20,checkerboard,False,0.51,2,15:34,15:34,3,Afternoon
KP_20230904_a-direction-1.results_21,bullseye_low_separate,False,0.5,0,15:34,15:34,3,Afternoon
KP_20230904_a-direction-1.results_22,checkerboard,True,0.51,-1,15:34,15:34,3,Afternoon
KP_20230904_a-direction-1.results_23,checkerboard_separate,True,0.49,1,15:34,15:34,2,Afternoon
KP_20230904_a-direction-1.results_24,bullseye_high_freq,False,0.51,-2,15:34,15:34,2,Afternoon
KP_20230904_a-direction-1.results_25,whites_separate,True,0.49,-2,15:34,15:34,3,Afternoon
KP_20230904_a-direction-1.results_26,strip,True,0.5,-2,15:34,15:34,5,Afternoon
KP_20230904_a-direction-1.results_27,whites,False,0.51,2,15:34,15:34,6,Afternoon
KP_20230904_a-direction-0.results_1,bullseye_high_freq,True,0.5,1,15:30,15:30,12,Afternoon
KP_20230904_a-direction-0.results_3,bullseye_low_separate,False,0.49,-2,15:30,15:30,8,Afternoon
KP_20230904_a-direction-0.results_5,whites_separate,True,0.51,-1,15:30,15:30,12,Afternoon
KP_20230904_a-direction-0.results_7,sbc_separate,False,0.51,2,15:30,15:30,9,Afternoon
KP_20230904_a-direction-0.results_9,whites,True,0.5,0,15:31,15:31,9,Afternoon
KP_20230904_a-direction-0.results_11,sbc,True,0.49,2,15:31,15:31,3,Afternoon
KP_20230904_a-direction-0.results_13,bullseye_low_separate,True,0.49,-2,15:31,15:31,5,Afternoon
KP_20230904_a-direction-0.results_15,checkerboard_separate,False,0.51,-2,15:31,15:31,5,Afternoon
KP_20230904_a-direction-0.results_17,checkerboard,True,0.5,-2,15:31,15:31,3,Afternoon
KP_20230904_a-direction-0.results_19,sbc,False,0.49,0,15:32,15:32,2,Afternoon
KP_20230904_a-direction-0.results_20,checkerboard_separate,True,0.51,2,15:32,15:32,5,Afternoon
KP_20230904_a-direction-0.results_21,whites_separate,False,0.51,-2,15:32,15:32,6,Afternoon
KP_20230904_a-direction-0.results_22,sbc_separate,True,0.51,1,15:32,15:32,6,Afternoon
KP_20230904_a-direction-0.results_23,checkerboard,False,0.5,2,15:32,15:32,12,Afternoon
KP_20230904_a-direction-0.results_24,bullseye_high_freq,False,0.5,2,15:32,15:32,4,Afternoon
KP_20230904_a-direction-0.results_25,strip,False,0.49,2,15:32,15:32,3,Afternoon
KP_20230904_a-direction-0.results_26,strip,True,0.49,1,15:32,15:32,4,Afternoon
KP_20230904_a-direction-0.results_27,whites,False,0.5,-2,15:32,15:32,6,Afternoon
YY_20230904_b-direction-0.results_1,checkerboard,False,0.5,0,19:04,19:04,13,Evening
YY_20230904_b-direction-0.results_3,strip,True,0.49,1,19:04,19:04,7,Evening
YY_20230904_b-direction-0.results_5,checkerboard,True,0.5,1,19:04,19:04,4,Evening
YY_20230904_b-direction-0.results_7,checkerboard_separate,True,0.51,1,19:05,19:05,6,Evening
YY_20230904_b-direction-0.results_9,bullseye_low_separate,False,0.49,1,19:05,19:05,3,Evening
YY_20230904_b-direction-0.results_11,checkerboard_separate,False,0.51,1,19:05,19:05,3,Evening
YY_20230904_b-direction-0.results_13,sbc,True,0.49,-1,19:05,19:05,5,Evening
YY_20230904_b-direction-0.results_15,bullseye_high_freq,False,0.5,-1,19:05,19:05,8,Evening
YY_20230904_b-direction-0.results_17,sbc_separate,False,0.51,-1,19:05,19:06,4,Evening
YY_20230904_b-direction-0.results_19,whites_separate,False,0.51,-1,19:06,19:06,27,Evening
YY_20230904_b-direction-0.results_20,whites_separate,True,0.51,-1,19:06,19:07,17,Evening
YY_20230904_b-direction-0.results_21,strip,False,0.49,2,19:07,19:07,3,Evening
YY_20230904_b-direction-0.results_22,bullseye_high_freq,True,0.5,1,19:07,19:07,2,Evening
YY_20230904_b-direction-0.results_23,sbc,False,0.49,-1,19:07,19:07,3,Evening
YY_20230904_b-direction-0.results_24,whites,True,0.5,-1,19:07,19:07,2,Evening
YY_20230904_b-direction-0.results_25,sbc_separate,True,0.51,-1,19:07,19:07,4,Evening
YY_20230904_b-direction-0.results_26,whites,False,0.5,-1,19:07,19:07,3,Evening
YY_20230904_b-direction-0.results_27,bullseye_low_separate,True,0.49,1,19:07,19:07,2,Evening
YY_20230904_b-direction-1.results_1,sbc,False,0.5,-1,19:07,19:07,4,Evening
YY_20230904_b-direction-1.results_3,sbc,True,0.5,-2,19:07,19:07,6,Evening
YY_20230904_b-direction-1.results_5,checkerboard,True,0.51,2,19:07,19:07,3,Evening
YY_20230904_b-direction-1.results_7,bullseye_low_separate,False,0.5,-1,19:08,19:08,2,Evening
YY_20230904_b-direction-1.results_9,bullseye_high_freq,False,0.51,-1,19:08,19:08,2,Evening
YY_20230904_b-direction-1.results_11,sbc_separate,True,0.49,-1,19:08,19:08,3,Evening
YY_20230904_b-direction-1.results_13,whites_separate,False,0.49,-1,19:08,19:08,2,Evening
YY_20230904_b-direction-1.results_15,strip,True,0.5,2,19:08,19:08,4,Evening
YY_20230904_b-direction-1.results_17,bullseye_low_separate,True,0.5,1,19:08,19:08,2,Evening
YY_20230904_b-direction-1.results_19,checkerboard_separate,True,0.49,1,19:08,19:08,18,Evening
YY_20230904_b-direction-1.results_20,checkerboard,False,0.51,1,19:08,19:08,3,Evening
YY_20230904_b-direction-1.results_21,sbc_separate,False,0.49,-1,19:08,19:08,2,Evening
YY_20230904_b-direction-1.results_22,whites_separate,True,0.49,-1,19:08,19:08,2,Evening
YY_20230904_b-direction-1.results_23,strip,False,0.5,1,19:08,19:09,9,Evening
YY_20230904_b-direction-1.results_24,checkerboard_separate,False,0.49,-1,19:09,19:09,2,Evening
YY_20230904_b-direction-1.results_25,bullseye_high_freq,True,0.51,1,19:09,19:09,7,Evening
YY_20230904_b-direction-1.results_26,whites,False,0.51,-1,19:09,19:09,4,Evening
YY_20230904_b-direction-1.results_27,whites,True,0.51,-1,19:09,19:09,4,Evening
YY_20230904_b-direction-2.results_1,bullseye_low_separate,True,0.51,2,19:09,19:09,2,Evening
YY_20230904_b-direction-2.results_3,strip,False,0.51,2,19:09,19:09,2,Evening
YY_20230904_b-direction-2.results_5,checkerboard,True,0.49,1,19:09,19:09,3,Evening
YY_20230904_b-direction-2.results_7,checkerboard_separate,False,0.5,1,19:09,19:09,4,Evening
YY_20230904_b-direction-2.results_9,bullseye_low_separate,False,0.51,1,19:09,19:10,2,Evening
YY_20230904_b-direction-2.results_11,strip,True,0.51,1,19:10,19:10,2,Evening
YY_20230904_b-direction-2.results_13,whites_separate,True,0.5,-1,19:10,19:10,2,Evening
YY_20230904_b-direction-2.results_15,sbc_separate,True,0.5,1,19:10,19:10,2,Evening
YY_20230904_b-direction-2.results_17,bullseye_high_freq,False,0.49,-1,19:10,19:10,6,Evening
YY_20230904_b-direction-2.results_19,sbc,True,0.51,-1,19:10,19:10,2,Evening
YY_20230904_b-direction-2.results_20,sbc_separate,False,0.5,-1,19:10,19:10,5,Evening
YY_20230904_b-direction-2.results_21,whites,False,0.49,-1,19:10,19:10,2,Evening
YY_20230904_b-direction-2.results_22,whites,True,0.49,1,19:10,19:10,2,Evening
YY_20230904_b-direction-2.results_23,checkerboard_separate,True,0.5,1,19:10,19:10,1,Evening
YY_20230904_b-direction-2.results_24,sbc,False,0.51,-1,19:10,19:10,3,Evening
YY_20230904_b-direction-2.results_25,bullseye_high_freq,True,0.49,1,19:10,19:10,2,Evening
YY_20230904_b-direction-2.results_26,checkerboard,False,0.49,1,19:10,19:10,1,Evening
YY_20230904_b-direction-2.results_27,whites_separate,False,0.5,-1,19:10,19:10,2,Evening
EW_20230817_b-direction-2.results_1,bullseye_high_freq,True,0.49,0,19:14,19:14,1,Evening
EW_20230817_b-direction-2.results_3,bullseye_low_separate,True,0.51,0,19:14,19:14,1,Evening
EW_20230817_b-direction-2.results_5,checkerboard_separate,True,0.5,0,19:14,19:14,1,Evening
EW_20230817_b-direction-2.results_7,sbc_separate,False,0.5,0,19:14,19:14,1,Evening
EW_20230817_b-direction-2.results_9,bullseye_low_separate,False,0.51,0,19:14,19:14,1,Evening
EW_20230817_b-direction-2.results_11,sbc_separate,True,0.5,0,19:14,19:14,1,Evening
EW_20230817_b-direction-2.results_13,checkerboard_separate,False,0.5,0,19:14,19:14,2,Evening
EW_20230817_b-direction-2.results_15,strip,False,0.51,0,19:14,19:14,6,Evening
EW_20230817_b-direction-2.results_17,bullseye_high_freq,False,0.49,0,19:14,19:14,2,Evening
EW_20230817_b-direction-2.results_19,whites,False,0.49,0,19:14,19:14,1,Evening
EW_20230817_b-direction-2.results_20,whites_separate,True,0.5,-1,19:14,19:14,4,Evening
EW_20230817_b-direction-2.results_21,checkerboard,False,0.49,0,19:14,19:14,2,Evening
EW_20230817_b-direction-2.results_22,whites,True,0.49,0,19:14,19:15,1,Evening
EW_20230817_b-direction-2.results_23,sbc,False,0.51,0,19:15,19:15,2,Evening
EW_20230817_b-direction-2.results_24,strip,True,0.51,0,19:15,19:15,3,Evening
EW_20230817_b-direction-2.results_25,checkerboard,True,0.49,1,19:15,19:15,2,Evening
EW_20230817_b-direction-2.results_26,whites_separate,False,0.5,-1,19:15,19:15,3,Evening
EW_20230817_b-direction-2.results_27,sbc,True,0.51,0,19:15,19:15,2,Evening
EW_20230817_b-direction-1.results_1,strip,False,0.5,1,19:12,19:12,5,Evening
EW_20230817_b-direction-1.results_3,bullseye_low_separate,False,0.5,0,19:12,19:12,17,Evening
EW_20230817_b-direction-1.results_5,checkerboard,False,0.51,1,19:12,19:12,5,Evening
EW_20230817_b-direction-1.results_7,sbc,True,0.5,0,19:12,19:12,4,Evening
EW_20230817_b-direction-1.results_9,whites,False,0.51,0,19:12,19:13,8,Evening
EW_20230817_b-direction-1.results_11,whites_separate,True,0.49,-1,19:13,19:13,4,Evening
EW_20230817_b-direction-1.results_13,sbc,False,0.5,0,19:13,19:13,7,Evening
EW_20230817_b-direction-1.results_15,bullseye_high_freq,True,0.51,0,19:13,19:13,1,Evening
EW_20230817_b-direction-1.results_17,checkerboard_separate,False,0.49,0,19:13,19:13,6,Evening
EW_20230817_b-direction-1.results_19,sbc_separate,True,0.49,0,19:13,19:13,5,Evening
EW_20230817_b-direction-1.results_20,strip,True,0.5,0,19:13,19:13,6,Evening
EW_20230817_b-direction-1.results_21,sbc_separate,False,0.49,0,19:13,19:13,1,Evening
EW_20230817_b-direction-1.results_22,bullseye_low_separate,True,0.5,0,19:13,19:13,1,Evening
EW_20230817_b-direction-1.results_23,whites_separate,False,0.49,0,19:13,19:13,6,Evening
EW_20230817_b-direction-1.results_24,checkerboard_separate,True,0.49,0,19:13,19:14,2,Evening
EW_20230817_b-direction-1.results_25,whites,True,0.51,0,19:14,19:14,7,Evening
EW_20230817_b-direction-1.results_26,checkerboard,True,0.51,1,19:14,19:14,6,Evening
EW_20230817_b-direction-1.results_27,bullseye_high_freq,False,0.51,0,19:14,19:14,2,Evening
EW_20230817_b-direction-0.results_1,sbc,True,0.49,0,19:09,19:09,14,Evening
EW_20230817_b-direction-0.results_3,sbc_separate,False,0.51,0,19:09,19:09,14,Evening
EW_20230817_b-direction-0.results_5,whites,True,0.5,-1,19:09,19:10,11,Evening
EW_20230817_b-direction-0.results_7,bullseye_high_freq,True,0.5,0,19:10,19:10,4,Evening
EW_20230817_b-direction-0.results_9,strip,True,0.49,1,19:10,19:10,10,Evening
EW_20230817_b-direction-0.results_11,checkerboard,False,0.5,0,19:10,19:10,3,Evening
EW_20230817_b-direction-0.results_13,whites,False,0.5,-1,19:10,19:10,9,Evening
EW_20230817_b-direction-0.results_15,checkerboard,True,0.5,0,19:10,19:11,8,Evening
EW_20230817_b-direction-0.results_17,checkerboard_separate,True,0.51,-1,19:11,19:11,10,Evening
EW_20230817_b-direction-0.results_19,whites_separate,True,0.51,0,19:11,19:11,8,Evening
EW_20230817_b-direction-0.results_20,bullseye_low_separate,False,0.49,0,19:11,19:11,4,Evening
EW_20230817_b-direction-0.results_21,whites_separate,False,0.51,-1,19:11,19:11,8,Evening
EW_20230817_b-direction-0.results_22,checkerboard_separate,False,0.51,0,19:11,19:11,7,Evening
EW_20230817_b-direction-0.results_23,bullseye_high_freq,False,0.5,0,19:11,19:11,3,Evening
EW_20230817_b-direction-0.results_24,sbc_separate,True,0.51,0,19:11,19:11,2,Evening
EW_20230817_b-direction-0.results_25,bullseye_low_separate,True,0.49,0,19:11,19:11,2,Evening
EW_20230817_b-direction-0.results_26,strip,False,0.49,1,19:11,19:12,11,Evening
EW_20230817_b-direction-0.results_27,sbc,False,0.49,-1,19:12,19:12,6,Evening
AP_20230811_b-direction-0.results_1,bullseye_low_separate,True,0.49,0,16:29,16:29,14,Afternoon
AP_20230811_b-direction-0.results_3,whites,True,0.5,-1,16:29,16:29,4,Afternoon
AP_20230811_b-direction-0.results_5,strip,True,0.49,1,16:29,16:29,15,Afternoon
AP_20230811_b-direction-0.results_7,sbc_separate,False,0.51,1,16:29,16:30,7,Afternoon
AP_20230811_b-direction-0.results_9,bullseye_high_freq,False,0.5,2,16:30,16:30,6,Afternoon
AP_20230811_b-direction-0.results_11,checkerboard_separate,True,0.51,1,16:30,16:30,5,Afternoon
AP_20230811_b-direction-0.results_13,strip,False,0.49,0,16:30,16:30,3,Afternoon
AP_20230811_b-direction-0.results_15,checkerboard,True,0.5,1,16:30,16:30,4,Afternoon
AP_20230811_b-direction-0.results_17,bullseye_high_freq,True,0.5,1,16:30,16:30,3,Afternoon
AP_20230811_b-direction-0.results_19,bullseye_low_separate,False,0.49,1,16:30,16:31,7,Afternoon
AP_20230811_b-direction-0.results_20,whites_separate,False,0.51,-1,16:31,16:31,6,Afternoon
AP_20230811_b-direction-0.results_21,checkerboard,False,0.5,2,16:31,16:31,4,Afternoon
AP_20230811_b-direction-0.results_22,sbc,False,0.49,-1,16:31,16:31,8,Afternoon
AP_20230811_b-direction-0.results_23,sbc_separate,True,0.51,-1,16:31,16:31,7,Afternoon
AP_20230811_b-direction-0.results_24,sbc,True,0.49,-1,16:31,16:31,4,Afternoon
AP_20230811_b-direction-0.results_25,checkerboard_separate,False,0.51,0,16:31,16:31,9,Afternoon
AP_20230811_b-direction-0.results_26,whites_separate,True,0.51,0,16:31,16:31,3,Afternoon
AP_20230811_b-direction-0.results_27,whites,False,0.5,1,16:31,16:31,6,Afternoon
AP_20230811_b-direction-1.results_1,whites_separate,False,0.49,-1,16:31,16:32,9,Afternoon
AP_20230811_b-direction-1.results_3,strip,True,0.5,-1,16:32,16:32,42,Afternoon
AP_20230811_b-direction-1.results_5,bullseye_high_freq,True,0.51,1,16:33,16:33,9,Afternoon
AP_20230811_b-direction-1.results_7,checkerboard_separate,False,0.49,1,16:33,16:33,4,Afternoon
AP_20230811_b-direction-1.results_9,checkerboard_separate,True,0.49,0,16:33,16:33,4,Afternoon
AP_20230811_b-direction-1.results_11,sbc,False,0.5,-2,16:33,16:33,8,Afternoon
AP_20230811_b-direction-1.results_13,bullseye_low_separate,False,0.5,1,16:33,16:33,4,Afternoon
AP_20230811_b-direction-1.results_15,sbc,True,0.5,-1,16:33,16:33,3,Afternoon
AP_20230811_b-direction-1.results_17,checkerboard,False,0.51,2,16:34,16:34,4,Afternoon
AP_20230811_b-direction-1.results_19,sbc_separate,True,0.49,-2,16:34,16:34,8,Afternoon
AP_20230811_b-direction-1.results_20,bullseye_low_separate,True,0.5,-1,16:34,16:34,14,Afternoon
AP_20230811_b-direction-1.results_21,whites,False,0.51,1,16:34,16:34,7,Afternoon
AP_20230811_b-direction-1.results_22,checkerboard,True,0.51,2,16:34,16:34,6,Afternoon
AP_20230811_b-direction-1.results_23,strip,False,0.5,-1,16:34,16:34,5,Afternoon
AP_20230811_b-direction-1.results_24,bullseye_high_freq,False,0.51,0,16:34,16:34,2,Afternoon
AP_20230811_b-direction-1.results_25,sbc_separate,False,0.49,-1,16:34,16:34,4,Afternoon
AP_20230811_b-direction-1.results_26,whites,True,0.51,0,16:34,16:34,3,Afternoon
AP_20230811_b-direction-1.results_27,whites_separate,True,0.49,-1,16:34,16:35,6,Afternoon
AP_20230811_b-direction-2.results_1,checkerboard_separate,True,0.5,1,16:36,16:36,6,Afternoon
AP_20230811_b-direction-2.results_3,strip,True,0.51,-1,16:36,16:36,3,Afternoon
AP_20230811_b-direction-2.results_5,sbc_separate,True,0.5,-1,16:36,16:36,5,Afternoon
AP_20230811_b-direction-2.results_7,whites_separate,True,0.5,-1,16:36,16:36,6,Afternoon
AP_20230811_b-direction-2.results_9,checkerboard,False,0.49,2,16:36,16:36,8,Afternoon
AP_20230811_b-direction-2.results_11,strip,False,0.51,0,16:36,16:37,14,Afternoon
AP_20230811_b-direction-2.results_13,sbc_separate,False,0.5,1,16:37,16:37,5,Afternoon
AP_20230811_b-direction-2.results_15,bullseye_high_freq,True,0.49,1,16:37,16:37,2,Afternoon
AP_20230811_b-direction-2.results_17,bullseye_low_separate,False,0.51,1,16:37,16:37,5,Afternoon
AP_20230811_b-direction-2.results_19,sbc,False,0.51,-1,16:37,16:37,13,Afternoon
AP_20230811_b-direction-2.results_20,whites,False,0.49,0,16:37,16:38,14,Afternoon
AP_20230811_b-direction-2.results_21,whites,True,0.49,0,16:38,16:38,3,Afternoon
AP_20230811_b-direction-2.results_22,bullseye_low_separate,True,0.51,1,16:38,16:38,2,Afternoon
AP_20230811_b-direction-2.results_23,sbc,True,0.51,-1,16:38,16:38,4,Afternoon
AP_20230811_b-direction-2.results_24,checkerboard_separate,False,0.5,1,16:38,16:38,5,Afternoon
AP_20230811_b-direction-2.results_25,checkerboard,True,0.49,1,16:38,16:38,2,Afternoon
AP_20230811_b-direction-2.results_26,bullseye_high_freq,False,0.49,1,16:38,16:38,4,Afternoon
AP_20230811_b-direction-2.results_27,whites_separate,False,0.5,-1,16:38,16:38,2,Afternoon
HA_20230808_b-direction-1.results_1,checkerboard_separate,True,0.49,2,14:59,14:59,3,Noon
HA_20230808_b-direction-1.results_3,sbc,True,0.5,-1,14:59,14:59,2,Noon
HA_20230808_b-direction-1.results_5,sbc_separate,True,0.49,0,14:59,14:59,9,Noon
HA_20230808_b-direction-1.results_7,sbc,False,0.5,-1,14:59,14:59,2,Noon
HA_20230808_b-direction-1.results_9,whites,True,0.51,1,14:59,14:59,4,Noon
HA_20230808_b-direction-1.results_11,bullseye_low_separate,True,0.5,1,15:00,15:00,2,Afternoon
HA_20230808_b-direction-1.results_13,bullseye_low_separate,False,0.5,2,15:00,15:00,2,Afternoon
HA_20230808_b-direction-1.results_15,whites,False,0.51,-1,15:00,15:00,3,Afternoon
HA_20230808_b-direction-1.results_17,whites_separate,True,0.49,1,15:00,15:00,2,Afternoon
HA_20230808_b-direction-1.results_19,whites_separate,False,0.49,-1,15:00,15:00,3,Afternoon
HA_20230808_b-direction-1.results_20,strip,True,0.5,2,15:00,15:00,2,Afternoon
HA_20230808_b-direction-1.results_21,checkerboard,False,0.51,2,15:00,15:00,2,Afternoon
HA_20230808_b-direction-1.results_22,checkerboard_separate,False,0.49,2,15:00,15:00,1,Afternoon
HA_20230808_b-direction-1.results_23,sbc_separate,False,0.49,-2,15:00,15:00,4,Afternoon
HA_20230808_b-direction-1.results_24,bullseye_high_freq,False,0.51,2,15:00,15:00,1,Afternoon
HA_20230808_b-direction-1.results_25,bullseye_high_freq,True,0.51,2,15:00,15:00,2,Afternoon
HA_20230808_b-direction-1.results_26,checkerboard,True,0.51,2,15:00,15:00,2,Afternoon
HA_20230808_b-direction-1.results_27,strip,False,0.5,2,15:00,15:00,1,Afternoon
HA_20230808_b-direction-2.results_1,checkerboard_separate,True,0.5,2,15:00,15:00,2,Afternoon
HA_20230808_b-direction-2.results_3,strip,False,0.51,2,15:00,15:00,1,Afternoon
HA_20230808_b-direction-2.results_5,whites_separate,False,0.5,-1,15:00,15:00,3,Afternoon
HA_20230808_b-direction-2.results_7,checkerboard,False,0.49,2,15:00,15:00,2,Afternoon
HA_20230808_b-direction-2.results_9,sbc,True,0.51,-1,15:01,15:01,1,Afternoon
HA_20230808_b-direction-2.results_11,sbc,False,0.51,-2,15:01,15:01,2,Afternoon
HA_20230808_b-direction-2.results_13,bullseye_high_freq,True,0.49,2,15:01,15:01,3,Afternoon
HA_20230808_b-direction-2.results_15,whites,False,0.49,-1,15:01,15:01,2,Afternoon
HA_20230808_b-direction-2.results_17,strip,True,0.51,2,15:01,15:01,1,Afternoon
HA_20230808_b-direction-2.results_19,bullseye_high_freq,False,0.49,2,15:01,15:01,2,Afternoon
HA_20230808_b-direction-2.results_20,whites,True,0.49,1,15:01,15:01,2,Afternoon
HA_20230808_b-direction-2.results_21,checkerboard,True,0.49,2,15:01,15:01,2,Afternoon
HA_20230808_b-direction-2.results_22,sbc_separate,False,0.5,-1,15:01,15:01,2,Afternoon
HA_20230808_b-direction-2.results_23,bullseye_low_separate,False,0.51,2,15:01,15:01,2,Afternoon
HA_20230808_b-direction-2.results_24,checkerboard_separate,False,0.5,2,15:01,15:01,2,Afternoon
HA_20230808_b-direction-2.results_25,bullseye_low_separate,True,0.51,2,15:01,15:01,3,Afternoon
HA_20230808_b-direction-2.results_26,sbc_separate,True,0.5,-1,15:01,15:01,2,Afternoon
HA_20230808_b-direction-2.results_27,whites_separate,True,0.5,1,15:01,15:01,6,Afternoon
HA_20230808_b-direction-0.results_1,bullseye_low_separate,True,0.49,1,14:57,14:57,11,Noon
HA_20230808_b-direction-0.results_3,sbc_separate,False,0.51,-1,14:57,14:58,6,Noon
HA_20230808_b-direction-0.results_5,checkerboard,False,0.5,2,14:58,14:58,3,Noon
HA_20230808_b-direction-0.results_7,bullseye_low_separate,False,0.49,1,14:58,14:58,4,Noon
HA_20230808_b-direction-0.results_9,whites,False,0.5,-1,14:58,14:58,17,Noon
HA_20230808_b-direction-0.results_11,sbc,True,0.49,-1,14:58,14:58,6,Noon
HA_20230808_b-direction-0.results_13,checkerboard,True,0.5,2,14:58,14:58,1,Noon
HA_20230808_b-direction-0.results_15,checkerboard_separate,False,0.51,2,14:58,14:58,3,Noon
HA_20230808_b-direction-0.results_17,checkerboard_separate,True,0.51,1,14:58,14:58,1,Noon
HA_20230808_b-direction-0.results_19,strip,True,0.49,1,14:58,14:59,3,Noon
HA_20230808_b-direction-0.results_20,bullseye_high_freq,True,0.5,2,14:59,14:59,2,Noon
HA_20230808_b-direction-0.results_21,sbc_separate,True,0.51,-1,14:59,14:59,7,Noon
HA_20230808_b-direction-0.results_22,sbc,False,0.49,-1,14:59,14:59,1,Noon
HA_20230808_b-direction-0.results_23,whites,True,0.5,1,14:59,14:59,6,Noon
HA_20230808_b-direction-0.results_24,strip,False,0.49,1,14:59,14:59,1,Noon
HA_20230808_b-direction-0.results_25,bullseye_high_freq,False,0.5,1,14:59,14:59,3,Noon
HA_20230808_b-direction-0.results_26,whites_separate,False,0.51,-1,14:59,14:59,2,Noon
HA_20230808_b-direction-0.results_27,whites_separate,True,0.51,1,14:59,14:59,3,Noon
MA_20230904_a-direction-1.results_1,bullseye_high_freq,False,0.51,2,17:22,17:22,13,Afternoon
MA_20230904_a-direction-1.results_3,sbc_separate,True,0.49,-1,17:23,17:23,12,Afternoon
MA_20230904_a-direction-1.results_5,checkerboard_separate,False,0.49,1,17:23,17:23,7,Afternoon
MA_20230904_a-direction-1.results_7,sbc,True,0.5,-1,17:23,17:23,7,Afternoon
MA_20230904_a-direction-1.results_9,whites_separate,False,0.49,-2,17:23,17:23,3,Afternoon
MA_20230904_a-direction-1.results_11,bullseye_low_separate,True,0.5,-1,17:23,17:24,18,Afternoon
MA_20230904_a-direction-1.results_13,whites,True,0.51,-2,17:24,17:24,5,Afternoon
MA_20230904_a-direction-1.results_15,checkerboard,False,0.51,2,17:24,17:24,12,Afternoon
MA_20230904_a-direction-1.results_17,sbc,False,0.5,-1,17:25,17:25,6,Afternoon
MA_20230904_a-direction-1.results_19,whites_separate,True,0.49,-2,17:25,17:25,5,Afternoon
MA_20230904_a-direction-1.results_20,whites,False,0.51,-2,17:25,17:25,6,Afternoon
MA_20230904_a-direction-1.results_21,bullseye_low_separate,False,0.5,-1,17:25,17:25,5,Afternoon
MA_20230904_a-direction-1.results_22,strip,True,0.5,2,17:25,17:25,11,Afternoon
MA_20230904_a-direction-1.results_23,checkerboard_separate,True,0.49,-2,17:25,17:25,12,Afternoon
MA_20230904_a-direction-1.results_24,sbc_separate,False,0.49,-1,17:25,17:26,9,Afternoon
MA_20230904_a-direction-1.results_25,bullseye_high_freq,True,0.51,-1,17:26,17:26,15,Afternoon
MA_20230904_a-direction-1.results_26,strip,False,0.5,1,17:26,17:26,17,Afternoon
MA_20230904_a-direction-1.results_27,checkerboard,True,0.51,2,17:26,17:26,7,Afternoon
MA_20230904_a-direction-2.results_1,sbc,True,0.51,-2,17:26,17:27,19,Afternoon
MA_20230904_a-direction-2.results_3,strip,False,0.51,2,17:27,17:27,36,Afternoon
MA_20230904_a-direction-2.results_5,checkerboard,True,0.49,2,17:27,17:27,4,Afternoon
MA_20230904_a-direction-2.results_7,whites_separate,True,0.5,-2,17:27,17:27,4,Afternoon
MA_20230904_a-direction-2.results_9,sbc_separate,False,0.5,-1,17:28,17:28,3,Afternoon
MA_20230904_a-direction-2.results_11,bullseye_low_separate,True,0.51,-1,17:28,17:28,13,Afternoon
MA_20230904_a-direction-2.results_13,checkerboard_separate,False,0.5,-1,17:29,17:29,7,Afternoon
MA_20230904_a-direction-2.results_15,bullseye_low_separate,False,0.51,-1,17:29,17:29,11,Afternoon
MA_20230904_a-direction-2.results_17,whites,False,0.49,-2,17:29,17:29,3,Afternoon
MA_20230904_a-direction-2.results_19,sbc_separate,True,0.5,-1,17:29,17:29,4,Afternoon
MA_20230904_a-direction-2.results_20,bullseye_high_freq,True,0.49,1,17:29,17:29,2,Afternoon
MA_20230904_a-direction-2.results_21,checkerboard,False,0.49,2,17:29,17:30,11,Afternoon
MA_20230904_a-direction-2.results_22,whites,True,0.49,-2,17:30,17:30,5,Afternoon
MA_20230904_a-direction-2.results_23,bullseye_high_freq,False,0.49,-1,17:30,17:30,4,Afternoon
MA_20230904_a-direction-2.results_24,whites_separate,False,0.5,-2,17:30,17:30,2,Afternoon
MA_20230904_a-direction-2.results_25,sbc,False,0.51,-1,17:30,17:30,5,Afternoon
MA_20230904_a-direction-2.results_26,checkerboard_separate,True,0.5,-2,17:30,17:30,12,Afternoon
MA_20230904_a-direction-2.results_27,strip,True,0.51,1,17:30,17:30,5,Afternoon
MA_20230904_a-direction-0.results_1,whites_separate,True,0.51,-2,17:16,17:16,15,Afternoon
MA_20230904_a-direction-0.results_3,sbc,False,0.49,-1,17:17,17:17,10,Afternoon
MA_20230904_a-direction-0.results_5,checkerboard,False,0.5,0,17:17,17:17,22,Afternoon
MA_20230904_a-direction-0.results_7,checkerboard,True,0.5,0,17:17,17:18,12,Afternoon
MA_20230904_a-direction-0.results_9,strip,True,0.49,1,17:18,17:18,14,Afternoon
MA_20230904_a-direction-0.results_11,whites,False,0.5,-1,17:18,17:18,15,Afternoon
MA_20230904_a-direction-0.results_13,whites,True,0.5,-2,17:19,17:19,5,Afternoon
MA_20230904_a-direction-0.results_15,strip,False,0.49,1,17:19,17:19,8,Afternoon
MA_20230904_a-direction-0.results_17,bullseye_high_freq,True,0.5,0,17:19,17:19,7,Afternoon
MA_20230904_a-direction-0.results_19,whites_separate,False,0.51,-1,17:19,17:20,12,Afternoon
MA_20230904_a-direction-0.results_20,checkerboard_separate,False,0.51,2,17:20,17:20,18,Afternoon
MA_20230904_a-direction-0.results_21,bullseye_high_freq,False,0.5,1,17:20,17:20,28,Afternoon
MA_20230904_a-direction-0.results_22,checkerboard_separate,True,0.51,1,17:20,17:21,14,Afternoon
MA_20230904_a-direction-0.results_23,bullseye_low_separate,True,0.49,-2,17:21,17:21,16,Afternoon
MA_20230904_a-direction-0.results_24,sbc_separate,True,0.51,-1,17:21,17:21,12,Afternoon
MA_20230904_a-direction-0.results_25,bullseye_low_separate,False,0.49,0,17:21,17:21,25,Afternoon
MA_20230904_a-direction-0.results_26,sbc,True,0.49,-2,17:21,17:22,9,Afternoon
MA_20230904_a-direction-0.results_27,sbc_separate,False,0.51,-2,17:22,17:22,5,Afternoon
JP_20230811_b-direction-0.results_1,strip,False,0.49,0,15:49,15:49,10,Afternoon
JP_20230811_b-direction-0.results_3,checkerboard,False,0.5,0,15:49,15:49,8,Afternoon
JP_20230811_b-direction-0.results_5,sbc_separate,True,0.51,0,15:49,15:49,4,Afternoon
JP_20230811_b-direction-0.results_7,bullseye_high_freq,True,0.5,0,15:49,15:49,2,Afternoon
JP_20230811_b-direction-0.results_9,sbc,True,0.49,0,15:49,15:49,7,Afternoon
JP_20230811_b-direction-0.results_11,bullseye_low_separate,False,0.49,0,15:50,15:50,7,Afternoon
JP_20230811_b-direction-0.results_13,strip,True,0.49,0,15:50,15:50,3,Afternoon
JP_20230811_b-direction-0.results_15,checkerboard_separate,True,0.51,0,15:50,15:50,6,Afternoon
JP_20230811_b-direction-0.results_17,whites_separate,True,0.51,-1,15:50,15:50,5,Afternoon
JP_20230811_b-direction-0.results_19,checkerboard,True,0.5,1,15:51,15:51,7,Afternoon
JP_20230811_b-direction-0.results_20,bullseye_low_separate,True,0.49,0,15:51,15:51,3,Afternoon
JP_20230811_b-direction-0.results_21,whites,True,0.5,-1,15:51,15:51,8,Afternoon
JP_20230811_b-direction-0.results_22,whites,False,0.5,-1,15:51,15:51,22,Afternoon
JP_20230811_b-direction-0.results_23,whites_separate,False,0.51,-1,15:51,15:51,10,Afternoon
JP_20230811_b-direction-0.results_24,sbc_separate,False,0.51,0,15:51,15:51,5,Afternoon
JP_20230811_b-direction-0.results_25,sbc,False,0.49,-1,15:51,15:52,15,Afternoon
JP_20230811_b-direction-0.results_26,bullseye_high_freq,False,0.5,0,15:52,15:52,23,Afternoon
JP_20230811_b-direction-0.results_27,checkerboard_separate,False,0.51,1,15:52,15:52,14,Afternoon
JP_20230811_b-direction-2.results_1,sbc,True,0.51,-1,15:58,15:58,8,Afternoon
JP_20230811_b-direction-2.results_3,checkerboard,False,0.49,1,15:58,15:58,4,Afternoon
JP_20230811_b-direction-2.results_5,bullseye_low_separate,False,0.51,0,15:58,15:59,21,Afternoon
JP_20230811_b-direction-2.results_7,strip,False,0.51,1,15:59,15:59,6,Afternoon
JP_20230811_b-direction-2.results_9,sbc,False,0.51,0,15:59,15:59,10,Afternoon
JP_20230811_b-direction-2.results_11,sbc_separate,True,0.5,0,15:59,16:00,12,Afternoon
JP_20230811_b-direction-2.results_13,checkerboard,True,0.49,1,16:00,16:00,5,Afternoon
JP_20230811_b-direction-2.results_15,checkerboard_separate,True,0.5,1,16:00,16:00,8,Afternoon
JP_20230811_b-direction-2.results_17,bullseye_low_separate,True,0.51,0,16:00,16:00,3,Afternoon
JP_20230811_b-direction-2.results_19,whites_separate,True,0.5,-1,16:00,16:00,5,Afternoon
JP_20230811_b-direction-2.results_20,whites,False,0.49,-1,16:00,16:01,6,Afternoon
JP_20230811_b-direction-2.results_21,whites_separate,False,0.5,-1,16:01,16:01,4,Afternoon
JP_20230811_b-direction-2.results_22,strip,True,0.51,0,16:01,16:01,4,Afternoon
JP_20230811_b-direction-2.results_23,checkerboard_separate,False,0.5,0,16:01,16:01,7,Afternoon
JP_20230811_b-direction-2.results_24,whites,True,0.49,-1,16:01,16:01,4,Afternoon
JP_20230811_b-direction-2.results_25,bullseye_high_freq,False,0.49,1,16:01,16:01,7,Afternoon
JP_20230811_b-direction-2.results_26,sbc_separate,False,0.5,-1,16:01,16:01,10,Afternoon
JP_20230811_b-direction-2.results_27,bullseye_high_freq,True,0.49,0,16:01,16:01,4,Afternoon
JP_20230811_b-direction-1.results_1,strip,False,0.5,0,15:53,15:53,13,Afternoon
JP_20230811_b-direction-1.results_3,bullseye_high_freq,False,0.51,0,15:53,15:53,8,Afternoon
JP_20230811_b-direction-1.results_5,whites,False,0.51,-1,15:53,15:54,12,Afternoon
JP_20230811_b-direction-1.results_7,bullseye_low_separate,True,0.5,0,15:54,15:54,4,Afternoon
JP_20230811_b-direction-1.results_9,bullseye_high_freq,True,0.51,0,15:54,15:54,22,Afternoon
JP_20230811_b-direction-1.results_11,sbc_separate,False,0.49,0,15:54,15:55,12,Afternoon
JP_20230811_b-direction-1.results_13,checkerboard_separate,True,0.49,0,15:55,15:55,30,Afternoon
JP_20230811_b-direction-1.results_15,sbc,True,0.5,-1,15:55,15:55,8,Afternoon
JP_20230811_b-direction-1.results_17,sbc_separate,True,0.49,0,15:56,15:56,9,Afternoon
JP_20230811_b-direction-1.results_19,sbc,False,0.5,-1,15:56,15:56,10,Afternoon
JP_20230811_b-direction-1.results_20,checkerboard_separate,False,0.49,1,15:56,15:56,12,Afternoon
JP_20230811_b-direction-1.results_21,bullseye_low_separate,False,0.5,0,15:56,15:56,6,Afternoon
JP_20230811_b-direction-1.results_22,checkerboard,False,0.51,1,15:56,15:56,5,Afternoon
JP_20230811_b-direction-1.results_23,whites_separate,True,0.49,-1,15:56,15:57,8,Afternoon
JP_20230811_b-direction-1.results_24,checkerboard,True,0.51,1,15:57,15:57,9,Afternoon
JP_20230811_b-direction-1.results_25,whites_separate,False,0.49,-1,15:57,15:57,4,Afternoon
JP_20230811_b-direction-1.results_26,strip,True,0.5,1,15:57,15:57,21,Afternoon
JP_20230811_b-direction-1.results_27,whites,True,0.51,-1,15:57,15:57,4,Afternoon
JV_20230808_b-direction-0.results_1,checkerboard,False,0.5,1,14:25,14:25,7,Noon
JV_20230808_b-direction-0.results_3,sbc_separate,False,0.51,-2,14:25,14:25,3,Noon
JV_20230808_b-direction-0.results_5,whites_separate,True,0.51,-2,14:25,14:25,5,Noon
JV_20230808_b-direction-0.results_7,whites,True,0.5,-2,14:26,14:26,4,Noon
JV_20230808_b-direction-0.results_9,checkerboard_separate,True,0.51,1,14:26,14:26,6,Noon
JV_20230808_b-direction-0.results_11,bullseye_high_freq,False,0.5,2,14:26,14:26,3,Noon
JV_20230808_b-direction-0.results_13,sbc_separate,True,0.51,-2,14:26,14:26,2,Noon
JV_20230808_b-direction-0.results_15,whites_separate,False,0.51,-1,14:26,14:26,4,Noon
JV_20230808_b-direction-0.results_17,checkerboard,True,0.5,1,14:26,14:26,3,Noon
JV_20230808_b-direction-0.results_19,sbc,True,0.49,-2,14:26,14:26,2,Noon
JV_20230808_b-direction-0.results_20,bullseye_low_separate,False,0.49,2,14:26,14:26,7,Noon
JV_20230808_b-direction-0.results_21,strip,False,0.49,2,14:26,14:26,4,Noon
JV_20230808_b-direction-0.results_22,whites,False,0.5,-1,14:26,14:27,7,Noon
JV_20230808_b-direction-0.results_23,strip,True,0.49,2,14:27,14:27,4,Noon
JV_20230808_b-direction-0.results_24,bullseye_high_freq,True,0.5,1,14:27,14:27,4,Noon
JV_20230808_b-direction-0.results_25,bullseye_low_separate,True,0.49,2,14:27,14:27,3,Noon
JV_20230808_b-direction-0.results_26,sbc,False,0.49,-1,14:27,14:27,2,Noon
JV_20230808_b-direction-0.results_27,checkerboard_separate,False,0.51,-1,14:27,14:27,6,Noon
JV_20230808_b-direction-1.results_1,strip,False,0.5,-1,14:27,14:27,4,Noon
JV_20230808_b-direction-1.results_3,whites_separate,False,0.49,-2,14:27,14:27,8,Noon
JV_20230808_b-direction-1.results_5,whites_separate,True,0.49,-2,14:27,14:27,5,Noon
JV_20230808_b-direction-1.results_7,whites,False,0.51,-2,14:27,14:27,8,Noon
JV_20230808_b-direction-1.results_9,sbc_separate,False,0.49,-2,14:27,14:27,3,Noon
JV_20230808_b-direction-1.results_11,sbc,False,0.5,-2,14:28,14:28,2,Noon
JV_20230808_b-direction-1.results_13,sbc,True,0.5,-1,14:28,14:28,2,Noon
JV_20230808_b-direction-1.results_15,bullseye_high_freq,False,0.51,1,14:28,14:28,17,Noon
JV_20230808_b-direction-1.results_17,bullseye_low_separate,True,0.5,2,14:28,14:28,12,Noon
JV_20230808_b-direction-1.results_19,checkerboard_separate,True,0.49,1,14:28,14:28,11,Noon
JV_20230808_b-direction-1.results_20,checkerboard,True,0.51,1,14:28,14:28,4,Noon
JV_20230808_b-direction-1.results_21,checkerboard_separate,False,0.49,1,14:28,14:28,2,Noon
JV_20230808_b-direction-1.results_22,checkerboard,False,0.51,2,14:28,14:28,2,Noon
JV_20230808_b-direction-1.results_23,strip,True,0.5,1,14:28,14:29,5,Noon
JV_20230808_b-direction-1.results_24,whites,True,0.51,-2,14:29,14:29,2,Noon
JV_20230808_b-direction-1.results_25,sbc_separate,True,0.49,-2,14:29,14:29,6,Noon
JV_20230808_b-direction-1.results_26,bullseye_low_separate,False,0.5,-2,14:29,14:29,2,Noon
JV_20230808_b-direction-1.results_27,bullseye_high_freq,True,0.51,1,14:29,14:29,15,Noon
JV_20230808_b-direction-2.results_1,whites_separate,True,0.5,-2,14:29,14:29,2,Noon
JV_20230808_b-direction-2.results_3,checkerboard_separate,True,0.5,1,14:29,14:29,12,Noon
JV_20230808_b-direction-2.results_5,bullseye_low_separate,False,0.51,1,14:29,14:29,4,Noon
JV_20230808_b-direction-2.results_7,checkerboard_separate,False,0.5,1,14:30,14:30,16,Noon
JV_20230808_b-direction-2.results_9,strip,True,0.51,1,14:30,14:30,12,Noon
JV_20230808_b-direction-2.results_11,bullseye_high_freq,False,0.49,1,14:30,14:30,4,Noon
JV_20230808_b-direction-2.results_13,bullseye_high_freq,True,0.49,1,14:30,14:30,5,Noon
JV_20230808_b-direction-2.results_15,sbc,True,0.51,-2,14:30,14:30,2,Noon
JV_20230808_b-direction-2.results_17,checkerboard,False,0.49,1,14:31,14:31,7,Noon
JV_20230808_b-direction-2.results_19,whites_separate,False,0.5,-2,14:31,14:31,3,Noon
JV_20230808_b-direction-2.results_20,strip,False,0.51,1,14:31,14:31,10,Noon
JV_20230808_b-direction-2.results_21,bullseye_low_separate,True,0.51,1,14:31,14:31,10,Noon
JV_20230808_b-direction-2.results_22,checkerboard,True,0.49,2,14:31,14:31,2,Noon
JV_20230808_b-direction-2.results_23,sbc_separate,True,0.5,-2,14:31,14:31,2,Noon
JV_20230808_b-direction-2.results_24,whites,True,0.49,-2,14:31,14:31,2,Noon
JV_20230808_b-direction-2.results_25,sbc_separate,False,0.5,-2,14:31,14:31,2,Noon
JV_20230808_b-direction-2.results_26,sbc,False,0.51,-2,14:31,14:31,3,Noon
JV_20230808_b-direction-2.results_27,whites,False,0.49,-2,14:31,14:31,7,Noon
KF_20230810_a-direction-0.results_1,sbc,True,0.49,0,11:17,11:17,6,Late Morning
KF_20230810_a-direction-0.results_3,whites,False,0.5,0,11:17,11:17,4,Late Morning
KF_20230810_a-direction-0.results_5,checkerboard_separate,False,0.51,0,11:17,11:18,6,Late Morning
KF_20230810_a-direction-0.results_7,sbc,False,0.49,-2,11:18,11:18,5,Late Morning
KF_20230810_a-direction-0.results_9,bullseye_high_freq,False,0.5,0,11:18,11:18,4,Late Morning
KF_20230810_a-direction-0.results_11,sbc_separate,True,0.51,0,11:18,11:18,6,Late Morning
KF_20230810_a-direction-0.results_13,checkerboard,True,0.5,1,11:18,11:18,8,Late Morning
KF_20230810_a-direction-0.results_15,strip,False,0.49,0,11:18,11:18,5,Late Morning
KF_20230810_a-direction-0.results_17,checkerboard,False,0.5,1,11:18,11:18,6,Late Morning
KF_20230810_a-direction-0.results_19,whites_separate,False,0.51,0,11:19,11:19,12,Late Morning
KF_20230810_a-direction-0.results_20,bullseye_high_freq,True,0.5,0,11:19,11:19,10,Late Morning
KF_20230810_a-direction-0.results_21,whites,True,0.5,0,11:19,11:19,5,Late Morning
KF_20230810_a-direction-0.results_22,bullseye_low_separate,False,0.49,1,11:19,11:19,9,Late Morning
KF_20230810_a-direction-0.results_23,whites_separate,True,0.51,1,11:19,11:19,6,Late Morning
KF_20230810_a-direction-0.results_24,strip,True,0.49,1,11:19,11:19,8,Late Morning
KF_20230810_a-direction-0.results_25,sbc_separate,False,0.51,0,11:19,11:19,4,Late Morning
KF_20230810_a-direction-0.results_26,checkerboard_separate,True,0.51,0,11:19,11:19,4,Late Morning
KF_20230810_a-direction-0.results_27,bullseye_low_separate,True,0.49,0,11:19,11:20,3,Late Morning
KF_20230810_a-direction-1.results_1,checkerboard,False,0.51,1,11:20,11:20,3,Late Morning
KF_20230810_a-direction-1.results_3,strip,False,0.5,1,11:20,11:20,4,Late Morning
KF_20230810_a-direction-1.results_5,checkerboard_separate,False,0.49,2,11:20,11:20,6,Late Morning
KF_20230810_a-direction-1.results_7,strip,True,0.5,1,11:20,11:20,4,Late Morning
KF_20230810_a-direction-1.results_9,sbc_separate,False,0.49,0,11:20,11:20,4,Late Morning
KF_20230810_a-direction-1.results_11,whites_separate,False,0.49,0,11:20,11:21,8,Late Morning
KF_20230810_a-direction-1.results_13,whites,False,0.51,0,11:21,11:21,3,Late Morning
KF_20230810_a-direction-1.results_15,sbc,False,0.5,0,11:21,11:21,6,Late Morning
KF_20230810_a-direction-1.results_17,bullseye_high_freq,True,0.51,0,11:21,11:21,5,Late Morning
KF_20230810_a-direction-1.results_19,checkerboard_separate,True,0.49,1,11:21,11:21,3,Late Morning
KF_20230810_a-direction-1.results_20,bullseye_low_separate,True,0.5,0,11:21,11:21,5,Late Morning
KF_20230810_a-direction-1.results_21,bullseye_high_freq,False,0.51,1,11:21,11:21,2,Late Morning
KF_20230810_a-direction-1.results_22,checkerboard,True,0.51,1,11:21,11:21,4,Late Morning
KF_20230810_a-direction-1.results_23,sbc_separate,True,0.49,0,11:21,11:21,4,Late Morning
KF_20230810_a-direction-1.results_24,whites_separate,True,0.49,0,11:21,11:21,2,Late Morning
KF_20230810_a-direction-1.results_25,whites,True,0.51,0,11:21,11:21,1,Late Morning
KF_20230810_a-direction-1.results_26,sbc,True,0.5,0,11:21,11:21,5,Late Morning
KF_20230810_a-direction-1.results_27,bullseye_low_separate,False,0.5,0,11:21,11:21,3,Late Morning
KF_20230810_a-direction-2.results_1,checkerboard_separate,True,0.5,2,11:22,11:22,3,Late Morning
KF_20230810_a-direction-2.results_3,bullseye_low_separate,False,0.51,1,11:22,11:22,5,Late Morning
KF_20230810_a-direction-2.results_5,checkerboard,True,0.49,1,11:22,11:22,5,Late Morning
KF_20230810_a-direction-2.results_7,strip,True,0.51,0,11:22,11:22,7,Late Morning
KF_20230810_a-direction-2.results_9,bullseye_low_separate,True,0.51,0,11:22,11:22,3,Late Morning
KF_20230810_a-direction-2.results_11,sbc,True,0.51,0,11:22,11:22,2,Late Morning
KF_20230810_a-direction-2.results_13,whites_separate,True,0.5,0,11:22,11:22,15,Late Morning
KF_20230810_a-direction-2.results_15,checkerboard_separate,False,0.5,1,11:23,11:23,8,Late Morning
KF_20230810_a-direction-2.results_17,checkerboard,False,0.49,2,11:23,11:23,10,Late Morning
KF_20230810_a-direction-2.results_19,sbc_separate,True,0.5,0,11:23,11:23,5,Late Morning
KF_20230810_a-direction-2.results_20,whites_separate,False,0.5,0,11:23,11:23,2,Late Morning
KF_20230810_a-direction-2.results_21,bullseye_high_freq,True,0.49,1,11:23,11:23,2,Late Morning
KF_20230810_a-direction-2.results_22,sbc,False,0.51,-1,11:23,11:23,10,Late Morning
KF_20230810_a-direction-2.results_23,whites,False,0.49,0,11:23,11:23,7,Late Morning
KF_20230810_a-direction-2.results_24,bullseye_high_freq,False,0.49,2,11:23,11:23,6,Late Morning
KF_20230810_a-direction-2.results_25,strip,False,0.51,1,11:23,11:24,5,Late Morning
KF_20230810_a-direction-2.results_26,whites,True,0.49,0,11:24,11:24,3,Late Morning
KF_20230810_a-direction-2.results_27,sbc_separate,False,0.5,-1,11:24,11:24,10,Late Morning
TT_20230811_a-direction-2.results_1,checkerboard_separate,False,0.5,2,15:03,15:03,4,Afternoon
TT_20230811_a-direction-2.results_3,checkerboard,False,0.49,2,15:03,15:03,3,Afternoon
TT_20230811_a-direction-2.results_5,checkerboard,True,0.49,2,15:03,15:03,3,Afternoon
TT_20230811_a-direction-2.results_7,sbc_separate,True,0.5,2,15:04,15:04,7,Afternoon
TT_20230811_a-direction-2.results_9,sbc,True,0.51,-1,15:04,15:04,2,Afternoon
TT_20230811_a-direction-2.results_11,whites_separate,True,0.5,-1,15:04,15:04,8,Afternoon
TT_20230811_a-direction-2.results_13,strip,False,0.51,1,15:04,15:04,10,Afternoon
TT_20230811_a-direction-2.results_15,bullseye_low_separate,True,0.51,1,15:04,15:04,2,Afternoon
TT_20230811_a-direction-2.results_17,whites_separate,False,0.5,-2,15:04,15:04,3,Afternoon
TT_20230811_a-direction-2.results_19,sbc,False,0.51,0,15:04,15:04,2,Afternoon
TT_20230811_a-direction-2.results_20,bullseye_high_freq,True,0.49,2,15:04,15:05,2,Afternoon
TT_20230811_a-direction-2.results_21,strip,True,0.51,2,15:05,15:05,2,Afternoon
TT_20230811_a-direction-2.results_22,bullseye_low_separate,False,0.51,2,15:05,15:05,9,Afternoon
TT_20230811_a-direction-2.results_23,bullseye_high_freq,False,0.49,0,15:05,15:05,6,Afternoon
TT_20230811_a-direction-2.results_24,whites,True,0.49,0,15:05,15:05,4,Afternoon
TT_20230811_a-direction-2.results_25,sbc_separate,False,0.5,-2,15:05,15:05,4,Afternoon
TT_20230811_a-direction-2.results_26,checkerboard_separate,True,0.5,2,15:05,15:05,3,Afternoon
TT_20230811_a-direction-2.results_27,whites,False,0.49,-2,15:05,15:05,7,Afternoon
TT_20230811_a-direction-0.results_1,bullseye_high_freq,True,0.5,0,14:58,14:58,8,Noon
TT_20230811_a-direction-0.results_3,sbc_separate,False,0.51,0,14:58,14:58,11,Noon
TT_20230811_a-direction-0.results_5,bullseye_high_freq,False,0.5,1,14:58,14:59,7,Noon
TT_20230811_a-direction-0.results_7,checkerboard_separate,True,0.51,2,14:59,14:59,3,Noon
TT_20230811_a-direction-0.results_9,strip,True,0.49,0,14:59,14:59,8,Noon
TT_20230811_a-direction-0.results_11,whites,False,0.5,1,14:59,14:59,6,Noon
TT_20230811_a-direction-0.results_13,sbc_separate,True,0.51,0,14:59,14:59,12,Noon
TT_20230811_a-direction-0.results_15,strip,False,0.49,2,14:59,14:59,3,Noon
TT_20230811_a-direction-0.results_17,checkerboard_separate,False,0.51,0,15:00,15:00,3,Afternoon
TT_20230811_a-direction-0.results_19,bullseye_low_separate,False,0.49,1,15:00,15:00,3,Afternoon
TT_20230811_a-direction-0.results_20,sbc,True,0.49,-2,15:00,15:00,7,Afternoon
TT_20230811_a-direction-0.results_21,bullseye_low_separate,True,0.49,2,15:00,15:00,29,Afternoon
TT_20230811_a-direction-0.results_22,checkerboard,False,0.5,2,15:00,15:00,2,Afternoon
TT_20230811_a-direction-0.results_23,whites_separate,True,0.51,-1,15:00,15:00,4,Afternoon
TT_20230811_a-direction-0.results_24,checkerboard,True,0.5,0,15:00,15:00,5,Afternoon
TT_20230811_a-direction-0.results_25,whites,True,0.5,2,15:00,15:01,6,Afternoon
TT_20230811_a-direction-0.results_26,whites_separate,False,0.51,-1,15:01,15:01,4,Afternoon
TT_20230811_a-direction-0.results_27,sbc,False,0.49,0,15:01,15:01,10,Afternoon
TT_20230811_a-direction-1.results_1,bullseye_high_freq,False,0.51,2,15:01,15:01,3,Afternoon
TT_20230811_a-direction-1.results_3,strip,True,0.5,2,15:01,15:01,2,Afternoon
TT_20230811_a-direction-1.results_5,bullseye_low_separate,True,0.5,-1,15:01,15:01,2,Afternoon
TT_20230811_a-direction-1.results_7,strip,False,0.5,2,15:01,15:01,2,Afternoon
TT_20230811_a-direction-1.results_9,sbc,True,0.5,-1,15:02,15:02,4,Afternoon
TT_20230811_a-direction-1.results_11,whites,True,0.51,0,15:02,15:02,11,Afternoon
TT_20230811_a-direction-1.results_13,checkerboard_separate,False,0.49,1,15:02,15:02,3,Afternoon
TT_20230811_a-direction-1.results_15,sbc_separate,False,0.49,0,15:02,15:02,5,Afternoon
TT_20230811_a-direction-1.results_17,whites_separate,True,0.49,-2,15:02,15:02,10,Afternoon
TT_20230811_a-direction-1.results_19,checkerboard,False,0.51,1,15:02,15:02,2,Afternoon
TT_20230811_a-direction-1.results_20,bullseye_low_separate,False,0.5,2,15:02,15:02,3,Afternoon
TT_20230811_a-direction-1.results_21,sbc,False,0.5,-2,15:02,15:02,4,Afternoon
TT_20230811_a-direction-1.results_22,checkerboard_separate,True,0.49,2,15:02,15:02,2,Afternoon
TT_20230811_a-direction-1.results_23,checkerboard,True,0.51,2,15:02,15:03,2,Afternoon
TT_20230811_a-direction-1.results_24,bullseye_high_freq,True,0.51,2,15:03,15:03,9,Afternoon
TT_20230811_a-direction-1.results_25,sbc_separate,True,0.49,-2,15:03,15:03,4,Afternoon
TT_20230811_a-direction-1.results_26,whites_separate,False,0.49,1,15:03,15:03,15,Afternoon
TT_20230811_a-direction-1.results_27,whites,False,0.51,2,15:03,15:03,2,Afternoon
